event_id,event_type,occurred_at,order_id,fulfilment_unit_id,delivery_id,store_id,rider_id,reason
EVT-0000473,ORDER_CREATED,2026-08-15 07:12:43,ORD-000050,,,,,
EVT-0000474,PAYMENT_SUCCESS,2026-08-15 07:12:59,ORD-000050,,,,,
EVT-0000475,STORE_ASSIGNED,2026-08-15 07:14:34,ORD-000050,FU-000047,,STR-016,,
EVT-0000476,PICKING_STARTED,2026-08-15 07:16:52,ORD-000050,FU-000047,,STR-016,,
EVT-0000380,ORDER_CREATED,2026-08-15 07:18:57,ORD-000037,,,,,
EVT-0000381,PAYMENT_SUCCESS,2026-08-15 07:19:34,ORD-000037,,,,,
EVT-0000382,STORE_ASSIGNED,2026-08-15 07:20:38,ORD-000037,FU-000038,,STR-010,,
EVT-0000383,PICKING_STARTED,2026-08-15 07:22:00,ORD-000037,FU-000038,,STR-010,,
EVT-0000477,PICKING_COMPLETED,2026-08-15 07:22:09,ORD-000050,FU-000047,,STR-016,,
EVT-0000478,PACKING_STARTED,2026-08-15 07:22:32,ORD-000050,FU-000047,,STR-016,,
EVT-0000387,RIDER_ASSIGNED,2026-08-15 07:26:00,ORD-000037,FU-000038,DEL-000034,STR-010,RID-000002,
EVT-0000479,PACKING_COMPLETED,2026-08-15 07:26:02,ORD-000050,FU-000047,,STR-016,,
EVT-0000384,PICKING_COMPLETED,2026-08-15 07:26:27,ORD-000037,FU-000038,,STR-010,,
EVT-0000385,PACKING_STARTED,2026-08-15 07:27:01,ORD-000037,FU-000038,,STR-010,,
EVT-0000386,PACKING_COMPLETED,2026-08-15 07:29:03,ORD-000037,FU-000038,,STR-010,,
EVT-0000388,RIDER_ARRIVED_AT_STORE,2026-08-15 07:31:00,ORD-000037,FU-000038,DEL-000034,STR-010,RID-000002,
EVT-0000389,PICKED_UP,2026-08-15 07:31:43,ORD-000037,FU-000038,DEL-000034,STR-010,RID-000002,
EVT-0000390,DELIVERY_STARTED,2026-08-15 07:32:13,ORD-000037,FU-000038,DEL-000034,STR-010,RID-000002,
EVT-0000159,ORDER_CREATED,2026-08-15 07:38:03,ORD-000018,,,,,
EVT-0000160,PAYMENT_SUCCESS,2026-08-15 07:38:23,ORD-000018,,,,,
EVT-0000161,STORE_ASSIGNED,2026-08-15 07:39:06,ORD-000018,FU-000018,,STR-003,,
EVT-0000166,RIDER_ASSIGNED,2026-08-15 07:40:00,ORD-000018,FU-000018,DEL-000014,STR-003,RID-000017,
EVT-0000391,DELIVERED,2026-08-15 07:41:51,ORD-000037,FU-000038,DEL-000034,STR-010,RID-000002,
EVT-0000162,PICKING_STARTED,2026-08-15 07:42:06,ORD-000018,FU-000018,,STR-003,,
EVT-0000167,RIDER_ARRIVED_AT_STORE,2026-08-15 07:43:00,ORD-000018,FU-000018,DEL-000014,STR-003,RID-000017,
EVT-0000733,ORDER_CREATED,2026-08-15 07:44:25,ORD-000074,,,,,
EVT-0000734,PAYMENT_SUCCESS,2026-08-15 07:45:02,ORD-000074,,,,,
EVT-0000735,STORE_ASSIGNED,2026-08-15 07:46:50,ORD-000074,FU-000071,,STR-016,,
EVT-0000163,PICKING_COMPLETED,2026-08-15 07:47:21,ORD-000018,FU-000018,,STR-003,,
EVT-0000736,PICKING_STARTED,2026-08-15 07:47:54,ORD-000074,FU-000071,,STR-016,,
EVT-0000164,PACKING_STARTED,2026-08-15 07:47:55,ORD-000018,FU-000018,,STR-003,,
EVT-0000165,PACKING_COMPLETED,2026-08-15 07:51:05,ORD-000018,FU-000018,,STR-003,,
EVT-0000168,PICKED_UP,2026-08-15 07:51:57,ORD-000018,FU-000018,DEL-000014,STR-003,RID-000017,
EVT-0000740,RIDER_ASSIGNED,2026-08-15 07:52:00,ORD-000074,FU-000071,DEL-000065,STR-016,RID-000011,
EVT-0000169,DELIVERY_STARTED,2026-08-15 07:53:14,ORD-000018,FU-000018,DEL-000014,STR-003,RID-000017,
EVT-0000741,RIDER_ARRIVED_AT_STORE,2026-08-15 07:54:00,ORD-000074,FU-000071,DEL-000065,STR-016,RID-000011,
EVT-0000737,PICKING_COMPLETED,2026-08-15 07:54:39,ORD-000074,FU-000071,,STR-016,,
EVT-0000738,PACKING_STARTED,2026-08-15 07:55:18,ORD-000074,FU-000071,,STR-016,,
EVT-0000739,PACKING_COMPLETED,2026-08-15 07:58:30,ORD-000074,FU-000071,,STR-016,,
EVT-0000742,PICKED_UP,2026-08-15 07:59:16,ORD-000074,FU-000071,DEL-000065,STR-016,RID-000011,
EVT-0000902,ORDER_CREATED,2026-08-15 07:59:25,ORD-000089,,,,,
EVT-0000903,PAYMENT_SUCCESS,2026-08-15 07:59:31,ORD-000089,,,,,
EVT-0000743,DELIVERY_STARTED,2026-08-15 07:59:37,ORD-000074,FU-000071,DEL-000065,STR-016,RID-000011,
EVT-0000904,STORE_ASSIGNED,2026-08-15 08:00:43,ORD-000089,FU-000087,,STR-017,,
EVT-0000909,RIDER_ASSIGNED,2026-08-15 08:02:00,ORD-000089,FU-000087,DEL-000079,STR-017,RID-000050,
EVT-0000905,PICKING_STARTED,2026-08-15 08:03:24,ORD-000089,FU-000087,,STR-017,,
EVT-0000910,RIDER_ARRIVED_AT_STORE,2026-08-15 08:05:00,ORD-000089,FU-000087,DEL-000079,STR-017,RID-000050,
EVT-0000744,DELIVERED,2026-08-15 08:06:08,ORD-000074,FU-000071,DEL-000065,STR-016,RID-000011,
EVT-0000170,DELIVERED,2026-08-15 08:08:16,ORD-000018,FU-000018,DEL-000014,STR-003,RID-000017,
EVT-0000906,PICKING_COMPLETED,2026-08-15 08:09:04,ORD-000089,FU-000087,,STR-017,,
EVT-0000907,PACKING_STARTED,2026-08-15 08:09:42,ORD-000089,FU-000087,,STR-017,,
EVT-0000908,PACKING_COMPLETED,2026-08-15 08:12:00,ORD-000089,FU-000087,,STR-017,,
EVT-0000911,PICKED_UP,2026-08-15 08:12:35,ORD-000089,FU-000087,DEL-000079,STR-017,RID-000050,
EVT-0000912,DELIVERY_STARTED,2026-08-15 08:13:35,ORD-000089,FU-000087,DEL-000079,STR-017,RID-000050,
EVT-0000913,DELIVERED,2026-08-15 08:20:13,ORD-000089,FU-000087,DEL-000079,STR-017,RID-000050,
EVT-0000721,ORDER_CREATED,2026-08-15 08:23:42,ORD-000073,,,,,
EVT-0000722,PAYMENT_SUCCESS,2026-08-15 08:24:18,ORD-000073,,,,,
EVT-0000723,STORE_ASSIGNED,2026-08-15 08:25:41,ORD-000073,FU-000070,,STR-004,,
EVT-0000078,ORDER_CREATED,2026-08-15 08:25:42,ORD-000010,,,,,
EVT-0000079,PAYMENT_SUCCESS,2026-08-15 08:26:21,ORD-000010,,,,,
EVT-0000728,RIDER_ASSIGNED,2026-08-15 08:28:00,ORD-000073,FU-000070,DEL-000064,STR-004,RID-000038,
EVT-0000724,PICKING_STARTED,2026-08-15 08:28:08,ORD-000073,FU-000070,,STR-004,,
EVT-0000080,STORE_ASSIGNED,2026-08-15 08:28:10,ORD-000010,FU-000010,,STR-016,,
EVT-0000081,PICKING_STARTED,2026-08-15 08:30:06,ORD-000010,FU-000010,,STR-016,,
EVT-0000725,PICKING_COMPLETED,2026-08-15 08:31:39,ORD-000073,FU-000070,,STR-004,,
EVT-0000726,PACKING_STARTED,2026-08-15 08:31:56,ORD-000073,FU-000070,,STR-004,,
EVT-0000729,RIDER_ARRIVED_AT_STORE,2026-08-15 08:32:00,ORD-000073,FU-000070,DEL-000064,STR-004,RID-000038,
EVT-0000085,RIDER_ASSIGNED,2026-08-15 08:33:00,ORD-000010,FU-000010,DEL-000007,STR-016,RID-000040,
EVT-0000086,RIDER_ARRIVED_AT_STORE,2026-08-15 08:34:00,ORD-000010,FU-000010,DEL-000007,STR-016,RID-000040,
EVT-0000727,PACKING_COMPLETED,2026-08-15 08:34:01,ORD-000073,FU-000070,,STR-004,,
EVT-0000730,PICKED_UP,2026-08-15 08:34:22,ORD-000073,FU-000070,DEL-000064,STR-004,RID-000038,
EVT-0000731,DELIVERY_STARTED,2026-08-15 08:35:32,ORD-000073,FU-000070,DEL-000064,STR-004,RID-000038,
EVT-0000082,PICKING_COMPLETED,2026-08-15 08:37:45,ORD-000010,FU-000010,,STR-016,,
EVT-0000083,PACKING_STARTED,2026-08-15 08:38:28,ORD-000010,FU-000010,,STR-016,,
EVT-0000890,ORDER_CREATED,2026-08-15 08:38:48,ORD-000088,,,,,
EVT-0000891,PAYMENT_SUCCESS,2026-08-15 08:39:10,ORD-000088,,,,,
EVT-0000892,STORE_ASSIGNED,2026-08-15 08:41:06,ORD-000088,FU-000086,,STR-011,,
EVT-0000084,PACKING_COMPLETED,2026-08-15 08:41:36,ORD-000010,FU-000010,,STR-016,,
EVT-0000732,DELIVERED,2026-08-15 08:42:14,ORD-000073,FU-000070,DEL-000064,STR-004,RID-000038,
EVT-0000087,PICKED_UP,2026-08-15 08:42:24,ORD-000010,FU-000010,DEL-000007,STR-016,RID-000040,
EVT-0000088,DELIVERY_STARTED,2026-08-15 08:43:00,ORD-000010,FU-000010,DEL-000007,STR-016,RID-000040,
EVT-0000962,ORDER_CREATED,2026-08-15 08:43:24,ORD-000094,,,,,
EVT-0000963,PAYMENT_SUCCESS,2026-08-15 08:43:31,ORD-000094,,,,,
EVT-0000893,PICKING_STARTED,2026-08-15 08:43:32,ORD-000088,FU-000086,,STR-011,,
EVT-0000964,STORE_ASSIGNED,2026-08-15 08:44:56,ORD-000094,FU-000092,,STR-016,,
EVT-0000897,RIDER_ASSIGNED,2026-08-15 08:45:00,ORD-000088,FU-000086,DEL-000078,STR-011,RID-000022,
EVT-0000898,RIDER_ARRIVED_AT_STORE,2026-08-15 08:46:00,ORD-000088,FU-000086,DEL-000078,STR-011,RID-000022,
EVT-0000969,RIDER_ASSIGNED,2026-08-15 08:47:00,ORD-000094,FU-000092,DEL-000084,STR-016,RID-000014,
EVT-0000894,PICKING_COMPLETED,2026-08-15 08:47:07,ORD-000088,FU-000086,,STR-011,,
EVT-0000563,ORDER_CREATED,2026-08-15 08:47:08,ORD-000059,,,,,
EVT-0000965,PICKING_STARTED,2026-08-15 08:47:28,ORD-000094,FU-000092,,STR-016,,
EVT-0000564,PAYMENT_SUCCESS,2026-08-15 08:47:38,ORD-000059,,,,,
EVT-0000895,PACKING_STARTED,2026-08-15 08:47:39,ORD-000088,FU-000086,,STR-011,,
EVT-0000565,STORE_ASSIGNED,2026-08-15 08:48:32,ORD-000059,FU-000056,,STR-012,,
EVT-0000089,DELIVERED,2026-08-15 08:49:37,ORD-000010,FU-000010,DEL-000007,STR-016,RID-000040,
EVT-0000566,PICKING_STARTED,2026-08-15 08:50:15,ORD-000059,FU-000056,,STR-012,,
EVT-0000896,PACKING_COMPLETED,2026-08-15 08:50:52,ORD-000088,FU-000086,,STR-011,,
EVT-0000899,PICKED_UP,2026-08-15 08:51:37,ORD-000088,FU-000086,DEL-000078,STR-011,RID-000022,
EVT-0000970,RIDER_ARRIVED_AT_STORE,2026-08-15 08:52:00,ORD-000094,FU-000092,DEL-000084,STR-016,RID-000014,
EVT-0000900,DELIVERY_STARTED,2026-08-15 08:52:04,ORD-000088,FU-000086,DEL-000078,STR-011,RID-000022,
EVT-0000567,PICKING_COMPLETED,2026-08-15 08:52:15,ORD-000059,FU-000056,,STR-012,,
EVT-0000966,PICKING_COMPLETED,2026-08-15 08:52:45,ORD-000094,FU-000092,,STR-016,,
EVT-0000568,PACKING_STARTED,2026-08-15 08:52:57,ORD-000059,FU-000056,,STR-012,,
EVT-0000570,RIDER_ASSIGNED,2026-08-15 08:53:00,ORD-000059,FU-000056,DEL-000051,STR-012,RID-000034,
EVT-0000967,PACKING_STARTED,2026-08-15 08:53:06,ORD-000094,FU-000092,,STR-016,,
EVT-0000968,PACKING_COMPLETED,2026-08-15 08:54:20,ORD-000094,FU-000092,,STR-016,,
EVT-0000971,PICKED_UP,2026-08-15 08:55:08,ORD-000094,FU-000092,DEL-000084,STR-016,RID-000014,
EVT-0000571,RIDER_ARRIVED_AT_STORE,2026-08-15 08:56:00,ORD-000059,FU-000056,DEL-000051,STR-012,RID-000034,
EVT-0000569,PACKING_COMPLETED,2026-08-15 08:56:19,ORD-000059,FU-000056,,STR-012,,
EVT-0000972,DELIVERY_STARTED,2026-08-15 08:56:23,ORD-000094,FU-000092,DEL-000084,STR-016,RID-000014,
EVT-0000572,PICKED_UP,2026-08-15 08:56:36,ORD-000059,FU-000056,DEL-000051,STR-012,RID-000034,
EVT-0000573,DELIVERY_STARTED,2026-08-15 08:57:33,ORD-000059,FU-000056,DEL-000051,STR-012,RID-000034,
EVT-0000901,DELIVERED,2026-08-15 08:59:45,ORD-000088,FU-000086,DEL-000078,STR-011,RID-000022,
EVT-0000029,ORDER_CREATED,2026-08-15 09:02:18,ORD-000005,,,,,
EVT-0000030,PAYMENT_SUCCESS,2026-08-15 09:02:43,ORD-000005,,,,,
EVT-0000031,STORE_ASSIGNED,2026-08-15 09:03:59,ORD-000005,FU-000004,,STR-012,,
EVT-0000032,PICKING_STARTED,2026-08-15 09:05:06,ORD-000005,FU-000004,,STR-012,,
EVT-0000973,DELIVERED,2026-08-15 09:05:15,ORD-000094,FU-000092,DEL-000084,STR-016,RID-000014,
EVT-0000914,ORDER_CREATED,2026-08-15 09:05:41,ORD-000090,,,,,
EVT-0000915,PAYMENT_SUCCESS,2026-08-15 09:05:49,ORD-000090,,,,,
EVT-0000574,DELIVERED,2026-08-15 09:06:11,ORD-000059,FU-000056,DEL-000051,STR-012,RID-000034,
EVT-0000036,RIDER_ASSIGNED,2026-08-15 09:07:00,ORD-000005,FU-000004,DEL-000003,STR-012,RID-000035,
EVT-0000916,STORE_ASSIGNED,2026-08-15 09:07:13,ORD-000090,FU-000088,,STR-016,,
EVT-0000037,RIDER_ARRIVED_AT_STORE,2026-08-15 09:08:00,ORD-000005,FU-000004,DEL-000003,STR-012,RID-000035,
EVT-0000033,PICKING_COMPLETED,2026-08-15 09:08:40,ORD-000005,FU-000004,,STR-012,,
EVT-0000034,PACKING_STARTED,2026-08-15 09:09:08,ORD-000005,FU-000004,,STR-012,,
EVT-0001000,ORDER_CREATED,2026-08-15 09:09:20,ORD-000098,,,,,
EVT-0001001,PAYMENT_SUCCESS,2026-08-15 09:09:42,ORD-000098,,,,,
EVT-0000921,RIDER_ASSIGNED,2026-08-15 09:10:00,ORD-000090,FU-000088,DEL-000080,STR-016,RID-000013,
EVT-0000917,PICKING_STARTED,2026-08-15 09:10:05,ORD-000090,FU-000088,,STR-016,,
EVT-0001002,STORE_ASSIGNED,2026-08-15 09:11:29,ORD-000098,FU-000096,,STR-004,,
EVT-0000430,ORDER_CREATED,2026-08-15 09:11:47,ORD-000045,,,,,
EVT-0000431,PAYMENT_SUCCESS,2026-08-15 09:12:21,ORD-000045,,,,,
EVT-0000035,PACKING_COMPLETED,2026-08-15 09:12:24,ORD-000005,FU-000004,,STR-012,,
EVT-0001003,PICKING_STARTED,2026-08-15 09:12:35,ORD-000098,FU-000096,,STR-004,,
EVT-0000038,PICKED_UP,2026-08-15 09:12:59,ORD-000005,FU-000004,DEL-000003,STR-012,RID-000035,
EVT-0000922,RIDER_ARRIVED_AT_STORE,2026-08-15 09:13:00,ORD-000090,FU-000088,DEL-000080,STR-016,RID-000013,
EVT-0000039,DELIVERY_STARTED,2026-08-15 09:14:07,ORD-000005,FU-000004,DEL-000003,STR-012,RID-000035,
EVT-0000432,STORE_ASSIGNED,2026-08-15 09:14:14,ORD-000045,FU-000043,,STR-013,,
EVT-0000996,ORDER_CREATED,2026-08-15 09:15:05,ORD-000096,,,,,
EVT-0000997,PAYMENT_SUCCESS,2026-08-15 09:15:12,ORD-000096,,,,,
EVT-0000918,PICKING_COMPLETED,2026-08-15 09:15:56,ORD-000090,FU-000088,,STR-016,,
EVT-0001007,RIDER_ASSIGNED,2026-08-15 09:16:00,ORD-000098,FU-000096,DEL-000087,STR-004,RID-000011,
EVT-0000998,STORE_ASSIGNED,2026-08-15 09:16:16,ORD-000096,FU-000095,,STR-016,,
EVT-0000919,PACKING_STARTED,2026-08-15 09:16:27,ORD-000090,FU-000088,,STR-016,,
EVT-0001004,PICKING_COMPLETED,2026-08-15 09:16:33,ORD-000098,FU-000096,,STR-004,,
EVT-0000433,PICKING_STARTED,2026-08-15 09:16:40,ORD-000045,FU-000043,,STR-013,,
EVT-0001005,PACKING_STARTED,2026-08-15 09:16:49,ORD-000098,FU-000096,,STR-004,,
EVT-0001008,RIDER_ARRIVED_AT_STORE,2026-08-15 09:17:00,ORD-000098,FU-000096,DEL-000087,STR-004,RID-000011,
EVT-0000040,DELIVERED,2026-08-15 09:18:29,ORD-000005,FU-000004,DEL-000003,STR-012,RID-000035,
EVT-0000920,PACKING_COMPLETED,2026-08-15 09:18:53,ORD-000090,FU-000088,,STR-016,,
EVT-0000437,RIDER_ASSIGNED,2026-08-15 09:19:00,ORD-000045,FU-000043,DEL-000039,STR-013,RID-000026,
EVT-0000999,FULFILMENT_FAILED,2026-08-15 09:19:16,ORD-000096,FU-000095,,STR-016,,STORE_CAPACITY_EXCEEDED
EVT-0000923,PICKED_UP,2026-08-15 09:19:20,ORD-000090,FU-000088,DEL-000080,STR-016,RID-000013,
EVT-0000434,PICKING_COMPLETED,2026-08-15 09:19:56,ORD-000045,FU-000043,,STR-013,,
EVT-0000438,RIDER_ARRIVED_AT_STORE,2026-08-15 09:20:00,ORD-000045,FU-000043,DEL-000039,STR-013,RID-000026,
EVT-0001006,PACKING_COMPLETED,2026-08-15 09:20:12,ORD-000098,FU-000096,,STR-004,,
EVT-0000435,PACKING_STARTED,2026-08-15 09:20:20,ORD-000045,FU-000043,,STR-013,,
EVT-0000924,DELIVERY_STARTED,2026-08-15 09:20:23,ORD-000090,FU-000088,DEL-000080,STR-016,RID-000013,
EVT-0001009,PICKED_UP,2026-08-15 09:20:43,ORD-000098,FU-000096,DEL-000087,STR-004,RID-000011,
EVT-0001010,DELIVERY_STARTED,2026-08-15 09:21:57,ORD-000098,FU-000096,DEL-000087,STR-004,RID-000011,
EVT-0000436,PACKING_COMPLETED,2026-08-15 09:22:46,ORD-000045,FU-000043,,STR-013,,
EVT-0000439,PICKED_UP,2026-08-15 09:23:06,ORD-000045,FU-000043,DEL-000039,STR-013,RID-000026,
EVT-0000440,DELIVERY_STARTED,2026-08-15 09:24:19,ORD-000045,FU-000043,DEL-000039,STR-013,RID-000026,
EVT-0000925,DELIVERED,2026-08-15 09:25:36,ORD-000090,FU-000088,DEL-000080,STR-016,RID-000013,
EVT-0000441,DELIVERED,2026-08-15 09:31:11,ORD-000045,FU-000043,DEL-000039,STR-013,RID-000026,
EVT-0001011,DELIVERED,2026-08-15 09:37:43,ORD-000098,FU-000096,DEL-000087,STR-004,RID-000011,
EVT-0000697,ORDER_CREATED,2026-08-15 09:41:25,ORD-000071,,,,,
EVT-0000698,PAYMENT_SUCCESS,2026-08-15 09:41:54,ORD-000071,,,,,
EVT-0000699,STORE_ASSIGNED,2026-08-15 09:43:41,ORD-000071,FU-000068,,STR-001,,
EVT-0000700,PICKING_STARTED,2026-08-15 09:45:18,ORD-000071,FU-000068,,STR-001,,
EVT-0000701,PICKING_COMPLETED,2026-08-15 09:48:16,ORD-000071,FU-000068,,STR-001,,
EVT-0000702,PACKING_STARTED,2026-08-15 09:48:51,ORD-000071,FU-000068,,STR-001,,
EVT-0000704,RIDER_ASSIGNED,2026-08-15 09:50:00,ORD-000071,FU-000068,DEL-000062,STR-001,RID-000015,
EVT-0000703,PACKING_COMPLETED,2026-08-15 09:50:15,ORD-000071,FU-000068,,STR-001,,
EVT-0000705,RIDER_ARRIVED_AT_STORE,2026-08-15 09:53:00,ORD-000071,FU-000068,DEL-000062,STR-001,RID-000015,
EVT-0000706,PICKED_UP,2026-08-15 09:53:24,ORD-000071,FU-000068,DEL-000062,STR-001,RID-000015,
EVT-0000551,ORDER_CREATED,2026-08-15 09:53:33,ORD-000058,,,,,
EVT-0000552,PAYMENT_SUCCESS,2026-08-15 09:53:52,ORD-000058,,,,,
EVT-0000707,DELIVERY_STARTED,2026-08-15 09:53:53,ORD-000071,FU-000068,DEL-000062,STR-001,RID-000015,
EVT-0000553,STORE_ASSIGNED,2026-08-15 09:55:31,ORD-000058,FU-000055,,STR-018,,
EVT-0000554,PICKING_STARTED,2026-08-15 09:57:57,ORD-000058,FU-000055,,STR-018,,
EVT-0000558,RIDER_ASSIGNED,2026-08-15 09:59:00,ORD-000058,FU-000055,DEL-000050,STR-018,RID-000024,
EVT-0000555,PICKING_COMPLETED,2026-08-15 10:01:45,ORD-000058,FU-000055,,STR-018,,
EVT-0000559,RIDER_ARRIVED_AT_STORE,2026-08-15 10:02:00,ORD-000058,FU-000055,DEL-000050,STR-018,RID-000024,
EVT-0000556,PACKING_STARTED,2026-08-15 10:02:29,ORD-000058,FU-000055,,STR-018,,
EVT-0000708,DELIVERED,2026-08-15 10:03:48,ORD-000071,FU-000068,DEL-000062,STR-001,RID-000015,
EVT-0000557,PACKING_COMPLETED,2026-08-15 10:05:52,ORD-000058,FU-000055,,STR-018,,
EVT-0000560,PICKED_UP,2026-08-15 10:06:51,ORD-000058,FU-000055,DEL-000050,STR-018,RID-000024,
EVT-0000561,DELIVERY_STARTED,2026-08-15 10:08:03,ORD-000058,FU-000055,DEL-000050,STR-018,RID-000024,
EVT-0000562,DELIVERED,2026-08-15 10:16:16,ORD-000058,FU-000055,DEL-000050,STR-018,RID-000024,
EVT-0000310,ORDER_CREATED,2026-08-15 11:06:02,ORD-000032,,,,,
EVT-0000311,PAYMENT_SUCCESS,2026-08-15 11:06:39,ORD-000032,,,,,
EVT-0000312,STORE_ASSIGNED,2026-08-15 11:08:12,ORD-000032,FU-000032,,STR-005,,
EVT-0000322,STORE_ASSIGNED,2026-08-15 11:08:12,ORD-000032,FU-000033,,STR-020,,
EVT-0000313,PICKING_STARTED,2026-08-15 11:10:45,ORD-000032,FU-000032,,STR-005,,
EVT-0000317,RIDER_ASSIGNED,2026-08-15 11:11:00,ORD-000032,FU-000032,DEL-000028,STR-005,RID-000045,
EVT-0000323,PICKING_STARTED,2026-08-15 11:11:09,ORD-000032,FU-000033,,STR-020,,
EVT-0000318,RIDER_ARRIVED_AT_STORE,2026-08-15 11:12:00,ORD-000032,FU-000032,DEL-000028,STR-005,RID-000045,
EVT-0000327,RIDER_ASSIGNED,2026-08-15 11:12:00,ORD-000032,FU-000033,DEL-000029,STR-020,RID-000032,
EVT-0000328,RIDER_ARRIVED_AT_STORE,2026-08-15 11:16:00,ORD-000032,FU-000033,DEL-000029,STR-020,RID-000032,
EVT-0000314,PICKING_COMPLETED,2026-08-15 11:17:36,ORD-000032,FU-000032,,STR-005,,
EVT-0000324,PICKING_COMPLETED,2026-08-15 11:18:13,ORD-000032,FU-000033,,STR-020,,
EVT-0000315,PACKING_STARTED,2026-08-15 11:18:19,ORD-000032,FU-000032,,STR-005,,
EVT-0000325,PACKING_STARTED,2026-08-15 11:18:45,ORD-000032,FU-000033,,STR-020,,
EVT-0000316,PACKING_COMPLETED,2026-08-15 11:19:32,ORD-000032,FU-000032,,STR-005,,
EVT-0000319,PICKED_UP,2026-08-15 11:20:00,ORD-000032,FU-000032,DEL-000028,STR-005,RID-000045,
EVT-0000320,DELIVERY_STARTED,2026-08-15 11:20:37,ORD-000032,FU-000032,DEL-000028,STR-005,RID-000045,
EVT-0000326,PACKING_COMPLETED,2026-08-15 11:21:51,ORD-000032,FU-000033,,STR-020,,
EVT-0000599,ORDER_CREATED,2026-08-15 11:22:17,ORD-000062,,,,,
EVT-0000600,PAYMENT_SUCCESS,2026-08-15 11:22:33,ORD-000062,,,,,
EVT-0000329,PICKED_UP,2026-08-15 11:22:51,ORD-000032,FU-000033,DEL-000029,STR-020,RID-000032,
EVT-0001012,ORDER_CREATED,2026-08-15 11:22:51,ORD-000099,,,,,
EVT-0001013,PAYMENT_SUCCESS,2026-08-15 11:23:15,ORD-000099,,,,,
EVT-0001014,STORE_ASSIGNED,2026-08-15 11:24:07,ORD-000099,FU-000097,,STR-013,,
EVT-0000330,DELIVERY_STARTED,2026-08-15 11:24:09,ORD-000032,FU-000033,DEL-000029,STR-020,RID-000032,
EVT-0000601,STORE_ASSIGNED,2026-08-15 11:24:26,ORD-000062,FU-000059,,STR-018,,
EVT-0001015,PICKING_STARTED,2026-08-15 11:25:18,ORD-000099,FU-000097,,STR-013,,
EVT-0000602,PICKING_STARTED,2026-08-15 11:25:31,ORD-000062,FU-000059,,STR-018,,
EVT-0001024,ORDER_CREATED,2026-08-15 11:25:31,ORD-000100,,,,,
EVT-0001025,PAYMENT_SUCCESS,2026-08-15 11:26:01,ORD-000100,,,,,
EVT-0000321,DELIVERED,2026-08-15 11:26:40,ORD-000032,FU-000032,DEL-000028,STR-005,RID-000045,
EVT-0001026,STORE_ASSIGNED,2026-08-15 11:27:27,ORD-000100,FU-000098,,STR-011,,
EVT-0001036,STORE_ASSIGNED,2026-08-15 11:27:27,ORD-000100,FU-000099,,STR-006,,
EVT-0000603,PICKING_COMPLETED,2026-08-15 11:27:45,ORD-000062,FU-000059,,STR-018,,
EVT-0001019,RIDER_ASSIGNED,2026-08-15 11:28:00,ORD-000099,FU-000097,DEL-000088,STR-013,RID-000048,
EVT-0000604,PACKING_STARTED,2026-08-15 11:28:14,ORD-000062,FU-000059,,STR-018,,
EVT-0001027,PICKING_STARTED,2026-08-15 11:29:30,ORD-000100,FU-000098,,STR-011,,
EVT-0000606,RIDER_ASSIGNED,2026-08-15 11:30:00,ORD-000062,FU-000059,DEL-000054,STR-018,RID-000039,
EVT-0001031,RIDER_ASSIGNED,2026-08-15 11:30:00,ORD-000100,FU-000098,DEL-000089,STR-011,RID-000003,
EVT-0001037,PICKING_STARTED,2026-08-15 11:30:22,ORD-000100,FU-000099,,STR-006,,
EVT-0000605,PACKING_COMPLETED,2026-08-15 11:30:44,ORD-000062,FU-000059,,STR-018,,
EVT-0000607,RIDER_ARRIVED_AT_STORE,2026-08-15 11:31:00,ORD-000062,FU-000059,DEL-000054,STR-018,RID-000039,
EVT-0001032,RIDER_ARRIVED_AT_STORE,2026-08-15 11:31:00,ORD-000100,FU-000098,DEL-000089,STR-011,RID-000003,
EVT-0001041,RIDER_ASSIGNED,2026-08-15 11:31:00,ORD-000100,FU-000099,DEL-000090,STR-006,RID-000023,
EVT-0000608,PICKED_UP,2026-08-15 11:31:20,ORD-000062,FU-000059,DEL-000054,STR-018,RID-000039,
EVT-0001016,PICKING_COMPLETED,2026-08-15 11:31:20,ORD-000099,FU-000097,,STR-013,,
EVT-0000609,DELIVERY_STARTED,2026-08-15 11:31:53,ORD-000062,FU-000059,DEL-000054,STR-018,RID-000039,
EVT-0001017,PACKING_STARTED,2026-08-15 11:31:59,ORD-000099,FU-000097,,STR-013,,
EVT-0001020,RIDER_ARRIVED_AT_STORE,2026-08-15 11:32:00,ORD-000099,FU-000097,DEL-000088,STR-013,RID-000048,
EVT-0001028,PICKING_COMPLETED,2026-08-15 11:32:55,ORD-000100,FU-000098,,STR-011,,
EVT-0001042,RIDER_ARRIVED_AT_STORE,2026-08-15 11:33:00,ORD-000100,FU-000099,DEL-000090,STR-006,RID-000023,
EVT-0001029,PACKING_STARTED,2026-08-15 11:33:12,ORD-000100,FU-000098,,STR-011,,
EVT-0001018,PACKING_COMPLETED,2026-08-15 11:34:10,ORD-000099,FU-000097,,STR-013,,
EVT-0001021,PICKED_UP,2026-08-15 11:34:50,ORD-000099,FU-000097,DEL-000088,STR-013,RID-000048,
EVT-0001022,DELIVERY_STARTED,2026-08-15 11:35:33,ORD-000099,FU-000097,DEL-000088,STR-013,RID-000048,
EVT-0000331,DELIVERED,2026-08-15 11:35:49,ORD-000032,FU-000033,DEL-000029,STR-020,RID-000032,
EVT-0000610,DELIVERED,2026-08-15 11:36:05,ORD-000062,FU-000059,DEL-000054,STR-018,RID-000039,
EVT-0001030,PACKING_COMPLETED,2026-08-15 11:36:19,ORD-000100,FU-000098,,STR-011,,
EVT-0001038,PICKING_COMPLETED,2026-08-15 11:36:33,ORD-000100,FU-000099,,STR-006,,
EVT-0001039,PACKING_STARTED,2026-08-15 11:36:49,ORD-000100,FU-000099,,STR-006,,
EVT-0001033,PICKED_UP,2026-08-15 11:37:11,ORD-000100,FU-000098,DEL-000089,STR-011,RID-000003,
EVT-0001034,DELIVERY_STARTED,2026-08-15 11:37:41,ORD-000100,FU-000098,DEL-000089,STR-011,RID-000003,
EVT-0001040,PACKING_COMPLETED,2026-08-15 11:37:55,ORD-000100,FU-000099,,STR-006,,
EVT-0001043,PICKED_UP,2026-08-15 11:38:41,ORD-000100,FU-000099,DEL-000090,STR-006,RID-000023,
EVT-0001044,DELIVERY_STARTED,2026-08-15 11:38:58,ORD-000100,FU-000099,DEL-000090,STR-006,RID-000023,
EVT-0001035,DELIVERED,2026-08-15 11:43:06,ORD-000100,FU-000098,DEL-000089,STR-011,RID-000003,
EVT-0001023,DELIVERED,2026-08-15 11:43:08,ORD-000099,FU-000097,DEL-000088,STR-013,RID-000048,
EVT-0001045,DELIVERED,2026-08-15 11:43:16,ORD-000100,FU-000099,DEL-000090,STR-006,RID-000023,
EVT-0000356,ORDER_CREATED,2026-08-15 12:00:01,ORD-000035,,,,,
EVT-0000357,PAYMENT_SUCCESS,2026-08-15 12:00:43,ORD-000035,,,,,
EVT-0000358,STORE_ASSIGNED,2026-08-15 12:02:04,ORD-000035,FU-000036,,STR-010,,
EVT-0000363,RIDER_ASSIGNED,2026-08-15 12:03:00,ORD-000035,FU-000036,DEL-000032,STR-010,RID-000028,
EVT-0000364,RIDER_ARRIVED_AT_STORE,2026-08-15 12:04:00,ORD-000035,FU-000036,DEL-000032,STR-010,RID-000028,
EVT-0000359,PICKING_STARTED,2026-08-15 12:04:48,ORD-000035,FU-000036,,STR-010,,
EVT-0000360,PICKING_COMPLETED,2026-08-15 12:07:49,ORD-000035,FU-000036,,STR-010,,
EVT-0000361,PACKING_STARTED,2026-08-15 12:08:13,ORD-000035,FU-000036,,STR-010,,
EVT-0000362,PACKING_COMPLETED,2026-08-15 12:11:42,ORD-000035,FU-000036,,STR-010,,
EVT-0000365,PICKED_UP,2026-08-15 12:12:09,ORD-000035,FU-000036,DEL-000032,STR-010,RID-000028,
EVT-0000366,DELIVERY_STARTED,2026-08-15 12:12:48,ORD-000035,FU-000036,DEL-000032,STR-010,RID-000028,
EVT-0000461,ORDER_CREATED,2026-08-15 12:16:10,ORD-000048,,,,,
EVT-0000462,PAYMENT_SUCCESS,2026-08-15 12:16:25,ORD-000048,,,,,
EVT-0000520,ORDER_CREATED,2026-08-15 12:16:39,ORD-000055,,,,,
EVT-0000521,PAYMENT_SUCCESS,2026-08-15 12:17:01,ORD-000055,,,,,
EVT-0000463,STORE_ASSIGNED,2026-08-15 12:17:31,ORD-000048,FU-000046,,STR-003,,
EVT-0000522,STORE_ASSIGNED,2026-08-15 12:18:07,ORD-000055,FU-000052,,STR-001,,
EVT-0000464,PICKING_STARTED,2026-08-15 12:19:19,ORD-000048,FU-000046,,STR-003,,
EVT-0000468,RIDER_ASSIGNED,2026-08-15 12:20:00,ORD-000048,FU-000046,DEL-000042,STR-003,RID-000002,
EVT-0000523,PICKING_STARTED,2026-08-15 12:20:47,ORD-000055,FU-000052,,STR-001,,
EVT-0000367,DELIVERED,2026-08-15 12:21:09,ORD-000035,FU-000036,DEL-000032,STR-010,RID-000028,
EVT-0000465,PICKING_COMPLETED,2026-08-15 12:22:48,ORD-000048,FU-000046,,STR-003,,
EVT-0000469,RIDER_ARRIVED_AT_STORE,2026-08-15 12:23:00,ORD-000048,FU-000046,DEL-000042,STR-003,RID-000002,
EVT-0000466,PACKING_STARTED,2026-08-15 12:23:21,ORD-000048,FU-000046,,STR-003,,
EVT-0000524,PICKING_COMPLETED,2026-08-15 12:24:52,ORD-000055,FU-000052,,STR-001,,
EVT-0000525,PACKING_STARTED,2026-08-15 12:25:31,ORD-000055,FU-000052,,STR-001,,
EVT-0000467,PACKING_COMPLETED,2026-08-15 12:25:32,ORD-000048,FU-000046,,STR-003,,
EVT-0000470,PICKED_UP,2026-08-15 12:26:31,ORD-000048,FU-000046,DEL-000042,STR-003,RID-000002,
EVT-0000526,PACKING_COMPLETED,2026-08-15 12:26:51,ORD-000055,FU-000052,,STR-001,,
EVT-0000471,DELIVERY_STARTED,2026-08-15 12:27:18,ORD-000048,FU-000046,DEL-000042,STR-003,RID-000002,
EVT-0000449,ORDER_CREATED,2026-08-15 12:28:44,ORD-000047,,,,,
EVT-0000450,PAYMENT_SUCCESS,2026-08-15 12:29:23,ORD-000047,,,,,
EVT-0000451,STORE_ASSIGNED,2026-08-15 12:30:27,ORD-000047,FU-000045,,STR-011,,
EVT-0000663,ORDER_CREATED,2026-08-15 12:31:06,ORD-000069,,,,,
EVT-0000090,ORDER_CREATED,2026-08-15 12:31:10,ORD-000011,,,,,
EVT-0000091,PAYMENT_SUCCESS,2026-08-15 12:31:35,ORD-000011,,,,,
EVT-0000664,PAYMENT_SUCCESS,2026-08-15 12:31:47,ORD-000069,,,,,
EVT-0000092,STORE_ASSIGNED,2026-08-15 12:32:25,ORD-000011,FU-000011,,STR-005,,
EVT-0000452,PICKING_STARTED,2026-08-15 12:32:55,ORD-000047,FU-000045,,STR-011,,
EVT-0000665,STORE_ASSIGNED,2026-08-15 12:33:16,ORD-000069,FU-000065,,STR-010,,
EVT-0000666,PICKING_STARTED,2026-08-15 12:34:45,ORD-000069,FU-000065,,STR-010,,
EVT-0000453,PICKING_COMPLETED,2026-08-15 12:35:00,ORD-000047,FU-000045,,STR-011,,
EVT-0000093,PICKING_STARTED,2026-08-15 12:35:09,ORD-000011,FU-000011,,STR-005,,
EVT-0000454,PACKING_STARTED,2026-08-15 12:35:16,ORD-000047,FU-000045,,STR-011,,
EVT-0000456,RIDER_ASSIGNED,2026-08-15 12:36:00,ORD-000047,FU-000045,DEL-000041,STR-011,RID-000005,
EVT-0000472,DELIVERED,2026-08-15 12:36:06,ORD-000048,FU-000046,DEL-000042,STR-003,RID-000002,
EVT-0000197,ORDER_CREATED,2026-08-15 12:36:46,ORD-000022,,,,,
EVT-0000198,PAYMENT_SUCCESS,2026-08-15 12:37:10,ORD-000022,,,,,
EVT-0000455,PACKING_COMPLETED,2026-08-15 12:37:32,ORD-000047,FU-000045,,STR-011,,
EVT-0000670,RIDER_ASSIGNED,2026-08-15 12:38:00,ORD-000069,FU-000065,DEL-000059,STR-010,RID-000028,
EVT-0000199,STORE_ASSIGNED,2026-08-15 12:38:10,ORD-000022,FU-000022,,STR-010,,
EVT-0000667,PICKING_COMPLETED,2026-08-15 12:38:54,ORD-000069,FU-000065,,STR-010,,
EVT-0000094,PICKING_COMPLETED,2026-08-15 12:39:13,ORD-000011,FU-000011,,STR-005,,
EVT-0000095,PACKING_STARTED,2026-08-15 12:39:29,ORD-000011,FU-000011,,STR-005,,
EVT-0000668,PACKING_STARTED,2026-08-15 12:39:37,ORD-000069,FU-000065,,STR-010,,
EVT-0000200,PICKING_STARTED,2026-08-15 12:39:55,ORD-000022,FU-000022,,STR-010,,
EVT-0000457,RIDER_ARRIVED_AT_STORE,2026-08-15 12:40:00,ORD-000047,FU-000045,DEL-000041,STR-011,RID-000005,
EVT-0000458,PICKED_UP,2026-08-15 12:40:33,ORD-000047,FU-000045,DEL-000041,STR-011,RID-000005,
EVT-0000096,PACKING_COMPLETED,2026-08-15 12:40:55,ORD-000011,FU-000011,,STR-005,,
EVT-0000459,DELIVERY_STARTED,2026-08-15 12:41:33,ORD-000047,FU-000045,DEL-000041,STR-011,RID-000005,
EVT-0000669,PACKING_COMPLETED,2026-08-15 12:41:46,ORD-000069,FU-000065,,STR-010,,
EVT-0000204,RIDER_ASSIGNED,2026-08-15 12:42:00,ORD-000022,FU-000022,DEL-000018,STR-010,RID-000023,
EVT-0000926,ORDER_CREATED,2026-08-15 12:42:09,ORD-000091,,,,,
EVT-0000927,PAYMENT_SUCCESS,2026-08-15 12:42:52,ORD-000091,,,,,
EVT-0000205,RIDER_ARRIVED_AT_STORE,2026-08-15 12:43:00,ORD-000022,FU-000022,DEL-000018,STR-010,RID-000023,
EVT-0000671,RIDER_ARRIVED_AT_STORE,2026-08-15 12:43:00,ORD-000069,FU-000065,DEL-000059,STR-010,RID-000028,
EVT-0000672,PICKED_UP,2026-08-15 12:43:45,ORD-000069,FU-000065,DEL-000059,STR-010,RID-000028,
EVT-0000201,PICKING_COMPLETED,2026-08-15 12:44:03,ORD-000022,FU-000022,,STR-010,,
EVT-0000673,DELIVERY_STARTED,2026-08-15 12:44:17,ORD-000069,FU-000065,DEL-000059,STR-010,RID-000028,
EVT-0000928,STORE_ASSIGNED,2026-08-15 12:44:18,ORD-000091,FU-000089,,STR-013,,
EVT-0000202,PACKING_STARTED,2026-08-15 12:44:36,ORD-000022,FU-000022,,STR-010,,
EVT-0000929,PICKING_STARTED,2026-08-15 12:46:40,ORD-000091,FU-000089,,STR-013,,
EVT-0000203,PACKING_COMPLETED,2026-08-15 12:47:02,ORD-000022,FU-000022,,STR-010,,
EVT-0000206,PICKED_UP,2026-08-15 12:47:42,ORD-000022,FU-000022,DEL-000018,STR-010,RID-000023,
EVT-0000933,RIDER_ASSIGNED,2026-08-15 12:48:00,ORD-000091,FU-000089,DEL-000081,STR-013,RID-000011,
EVT-0000207,DELIVERY_STARTED,2026-08-15 12:48:31,ORD-000022,FU-000022,DEL-000018,STR-010,RID-000023,
EVT-0000930,PICKING_COMPLETED,2026-08-15 12:49:04,ORD-000091,FU-000089,,STR-013,,
EVT-0000931,PACKING_STARTED,2026-08-15 12:49:37,ORD-000091,FU-000089,,STR-013,,
EVT-0000934,RIDER_ARRIVED_AT_STORE,2026-08-15 12:50:00,ORD-000091,FU-000089,DEL-000081,STR-013,RID-000011,
EVT-0000932,PACKING_COMPLETED,2026-08-15 12:51:57,ORD-000091,FU-000089,,STR-013,,
EVT-0000935,PICKED_UP,2026-08-15 12:52:46,ORD-000091,FU-000089,DEL-000081,STR-013,RID-000011,
EVT-0000936,DELIVERY_STARTED,2026-08-15 12:54:03,ORD-000091,FU-000089,DEL-000081,STR-013,RID-000011,
EVT-0000460,DELIVERED,2026-08-15 12:54:47,ORD-000047,FU-000045,DEL-000041,STR-011,RID-000005,
EVT-0000674,DELIVERED,2026-08-15 12:55:21,ORD-000069,FU-000065,DEL-000059,STR-010,RID-000028,
EVT-0000208,DELIVERED,2026-08-15 12:56:11,ORD-000022,FU-000022,DEL-000018,STR-010,RID-000023,
EVT-0000937,DELIVERED,2026-08-15 13:05:12,ORD-000091,FU-000089,DEL-000081,STR-013,RID-000011,
EVT-0000822,ORDER_CREATED,2026-08-15 13:23:19,ORD-000081,,,,,
EVT-0000209,ORDER_CREATED,2026-08-15 13:23:31,ORD-000023,,,,,
EVT-0000210,PAYMENT_SUCCESS,2026-08-15 13:23:51,ORD-000023,,,,,
EVT-0000823,PAYMENT_SUCCESS,2026-08-15 13:23:58,ORD-000081,,,,,
EVT-0000824,STORE_ASSIGNED,2026-08-15 13:24:57,ORD-000081,FU-000079,,STR-010,,
EVT-0000211,STORE_ASSIGNED,2026-08-15 13:25:22,ORD-000023,FU-000023,,STR-014,,
EVT-0000825,PICKING_STARTED,2026-08-15 13:26:14,ORD-000081,FU-000079,,STR-010,,
EVT-0000829,RIDER_ASSIGNED,2026-08-15 13:27:00,ORD-000081,FU-000079,DEL-000073,STR-010,RID-000007,
EVT-0000212,PICKING_STARTED,2026-08-15 13:27:53,ORD-000023,FU-000023,,STR-014,,
EVT-0000216,RIDER_ASSIGNED,2026-08-15 13:30:00,ORD-000023,FU-000023,DEL-000019,STR-014,RID-000049,
EVT-0000830,RIDER_ARRIVED_AT_STORE,2026-08-15 13:30:00,ORD-000081,FU-000079,DEL-000073,STR-010,RID-000007,
EVT-0000171,ORDER_CREATED,2026-08-15 13:30:46,ORD-000019,,,,,
EVT-0000172,PAYMENT_SUCCESS,2026-08-15 13:31:16,ORD-000019,,,,,
EVT-0000213,PICKING_COMPLETED,2026-08-15 13:32:07,ORD-000023,FU-000023,,STR-014,,
EVT-0000173,STORE_ASSIGNED,2026-08-15 13:32:12,ORD-000019,FU-000019,,STR-015,,
EVT-0000214,PACKING_STARTED,2026-08-15 13:32:37,ORD-000023,FU-000023,,STR-014,,
EVT-0000178,RIDER_ASSIGNED,2026-08-15 13:34:00,ORD-000019,FU-000019,DEL-000015,STR-015,RID-000044,
EVT-0000826,PICKING_COMPLETED,2026-08-15 13:34:12,ORD-000081,FU-000079,,STR-010,,
EVT-0000174,PICKING_STARTED,2026-08-15 13:34:43,ORD-000019,FU-000019,,STR-015,,
EVT-0000827,PACKING_STARTED,2026-08-15 13:34:50,ORD-000081,FU-000079,,STR-010,,
EVT-0000217,RIDER_ARRIVED_AT_STORE,2026-08-15 13:35:00,ORD-000023,FU-000023,DEL-000019,STR-014,RID-000049,
EVT-0000215,PACKING_COMPLETED,2026-08-15 13:36:03,ORD-000023,FU-000023,,STR-014,,
EVT-0000218,PICKED_UP,2026-08-15 13:36:25,ORD-000023,FU-000023,DEL-000019,STR-014,RID-000049,
EVT-0000179,RIDER_ARRIVED_AT_STORE,2026-08-15 13:37:00,ORD-000019,FU-000019,DEL-000015,STR-015,RID-000044,
EVT-0000219,DELIVERY_STARTED,2026-08-15 13:37:47,ORD-000023,FU-000023,DEL-000019,STR-014,RID-000049,
EVT-0000828,PACKING_COMPLETED,2026-08-15 13:38:01,ORD-000081,FU-000079,,STR-010,,
EVT-0000392,ORDER_CREATED,2026-08-15 13:38:04,ORD-000039,,,,,
EVT-0000831,PICKED_UP,2026-08-15 13:38:45,ORD-000081,FU-000079,DEL-000073,STR-010,RID-000007,
EVT-0000393,PAYMENT_SUCCESS,2026-08-15 13:38:49,ORD-000039,,,,,
EVT-0000832,DELIVERY_STARTED,2026-08-15 13:39:20,ORD-000081,FU-000079,DEL-000073,STR-010,RID-000007,
EVT-0000394,STORE_ASSIGNED,2026-08-15 13:40:15,ORD-000039,FU-000039,,STR-015,,
EVT-0000175,PICKING_COMPLETED,2026-08-15 13:40:33,ORD-000019,FU-000019,,STR-015,,
EVT-0000176,PACKING_STARTED,2026-08-15 13:41:07,ORD-000019,FU-000019,,STR-015,,
EVT-0000395,PICKING_STARTED,2026-08-15 13:42:32,ORD-000039,FU-000039,,STR-015,,
EVT-0000651,ORDER_CREATED,2026-08-15 13:42:51,ORD-000068,,,,,
EVT-0000652,PAYMENT_SUCCESS,2026-08-15 13:43:19,ORD-000068,,,,,
EVT-0000177,PACKING_COMPLETED,2026-08-15 13:44:07,ORD-000019,FU-000019,,STR-015,,
EVT-0000180,PICKED_UP,2026-08-15 13:44:24,ORD-000019,FU-000019,DEL-000015,STR-015,RID-000044,
EVT-0000653,STORE_ASSIGNED,2026-08-15 13:44:46,ORD-000068,FU-000064,,STR-015,,
EVT-0000181,DELIVERY_STARTED,2026-08-15 13:45:48,ORD-000019,FU-000019,DEL-000015,STR-015,RID-000044,
EVT-0000396,PICKING_COMPLETED,2026-08-15 13:46:59,ORD-000039,FU-000039,,STR-015,,
EVT-0000654,PICKING_STARTED,2026-08-15 13:47:21,ORD-000068,FU-000064,,STR-015,,
EVT-0000397,PACKING_STARTED,2026-08-15 13:47:30,ORD-000039,FU-000039,,STR-015,,
EVT-0000833,DELIVERED,2026-08-15 13:48:08,ORD-000081,FU-000079,DEL-000073,STR-010,RID-000007,
EVT-0000109,ORDER_CREATED,2026-08-15 13:48:10,ORD-000013,,,,,
EVT-0000110,PAYMENT_SUCCESS,2026-08-15 13:48:28,ORD-000013,,,,,
EVT-0000220,DELIVERED,2026-08-15 13:48:39,ORD-000023,FU-000023,DEL-000019,STR-014,RID-000049,
EVT-0000658,RIDER_ASSIGNED,2026-08-15 13:50:00,ORD-000068,FU-000064,DEL-000058,STR-015,RID-000026,
EVT-0000111,STORE_ASSIGNED,2026-08-15 13:50:28,ORD-000013,FU-000013,,STR-004,,
EVT-0000398,PACKING_COMPLETED,2026-08-15 13:51:00,ORD-000039,FU-000039,,STR-015,,
EVT-0000659,RIDER_ARRIVED_AT_STORE,2026-08-15 13:51:00,ORD-000068,FU-000064,DEL-000058,STR-015,RID-000026,
EVT-0000655,PICKING_COMPLETED,2026-08-15 13:52:31,ORD-000068,FU-000064,,STR-015,,
EVT-0000112,PICKING_STARTED,2026-08-15 13:52:44,ORD-000013,FU-000013,,STR-004,,
EVT-0000656,PACKING_STARTED,2026-08-15 13:52:49,ORD-000068,FU-000064,,STR-015,,
EVT-0000182,DELIVERED,2026-08-15 13:53:28,ORD-000019,FU-000019,DEL-000015,STR-015,RID-000044,
EVT-0000298,ORDER_CREATED,2026-08-15 13:54:24,ORD-000030,,,,,
EVT-0000299,PAYMENT_SUCCESS,2026-08-15 13:54:42,ORD-000030,,,,,
EVT-0000116,RIDER_ASSIGNED,2026-08-15 13:55:00,ORD-000013,FU-000013,DEL-000010,STR-004,RID-000002,
EVT-0000657,PACKING_COMPLETED,2026-08-15 13:55:10,ORD-000068,FU-000064,,STR-015,,
EVT-0000660,PICKED_UP,2026-08-15 13:55:28,ORD-000068,FU-000064,DEL-000058,STR-015,RID-000026,
EVT-0000300,STORE_ASSIGNED,2026-08-15 13:56:00,ORD-000030,FU-000031,,STR-003,,
EVT-0000661,DELIVERY_STARTED,2026-08-15 13:56:45,ORD-000068,FU-000064,DEL-000058,STR-015,RID-000026,
EVT-0000305,RIDER_ASSIGNED,2026-08-15 13:58:00,ORD-000030,FU-000031,DEL-000027,STR-003,RID-000006,
EVT-0000301,PICKING_STARTED,2026-08-15 13:58:06,ORD-000030,FU-000031,,STR-003,,
EVT-0000117,RIDER_ARRIVED_AT_STORE,2026-08-15 13:59:00,ORD-000013,FU-000013,DEL-000010,STR-004,RID-000002,
EVT-0000113,PICKING_COMPLETED,2026-08-15 14:00:32,ORD-000013,FU-000013,,STR-004,,
EVT-0000302,PICKING_COMPLETED,2026-08-15 14:01:02,ORD-000030,FU-000031,,STR-003,,
EVT-0000114,PACKING_STARTED,2026-08-15 14:01:04,ORD-000013,FU-000013,,STR-004,,
EVT-0000303,PACKING_STARTED,2026-08-15 14:01:17,ORD-000030,FU-000031,,STR-003,,
EVT-0000115,PACKING_COMPLETED,2026-08-15 14:02:13,ORD-000013,FU-000013,,STR-004,,
EVT-0000118,PICKED_UP,2026-08-15 14:02:46,ORD-000013,FU-000013,DEL-000010,STR-004,RID-000002,
EVT-0000662,DELIVERED,2026-08-15 14:02:51,ORD-000068,FU-000064,DEL-000058,STR-015,RID-000026,
EVT-0000306,RIDER_ARRIVED_AT_STORE,2026-08-15 14:03:00,ORD-000030,FU-000031,DEL-000027,STR-003,RID-000006,
EVT-0000119,DELIVERY_STARTED,2026-08-15 14:03:05,ORD-000013,FU-000013,DEL-000010,STR-004,RID-000002,
EVT-0000304,PACKING_COMPLETED,2026-08-15 14:04:37,ORD-000030,FU-000031,,STR-003,,
EVT-0000307,PICKED_UP,2026-08-15 14:04:59,ORD-000030,FU-000031,DEL-000027,STR-003,RID-000006,
EVT-0000308,DELIVERY_STARTED,2026-08-15 14:05:44,ORD-000030,FU-000031,DEL-000027,STR-003,RID-000006,
EVT-0000120,DELIVERED,2026-08-15 14:06:39,ORD-000013,FU-000013,DEL-000010,STR-004,RID-000002,
EVT-0000309,DELIVERED,2026-08-15 14:17:00,ORD-000030,FU-000031,DEL-000027,STR-003,RID-000006,
EVT-0000611,ORDER_CREATED,2026-08-15 17:09:54,ORD-000064,,,,,
EVT-0000612,PAYMENT_SUCCESS,2026-08-15 17:10:03,ORD-000064,,,,,
EVT-0000221,ORDER_CREATED,2026-08-15 17:10:09,ORD-000024,,,,,
EVT-0000222,PAYMENT_SUCCESS,2026-08-15 17:10:29,ORD-000024,,,,,
EVT-0000613,STORE_ASSIGNED,2026-08-15 17:11:26,ORD-000064,FU-000060,,STR-006,,
EVT-0000223,STORE_ASSIGNED,2026-08-15 17:12:15,ORD-000024,FU-000024,,STR-020,,
EVT-0000614,FULFILMENT_FAILED,2026-08-15 17:12:26,ORD-000064,FU-000060,,STR-006,,STORE_OPERATIONAL_FAILURE
EVT-0000224,PICKING_STARTED,2026-08-15 17:13:53,ORD-000024,FU-000024,,STR-020,,
EVT-0000228,RIDER_ASSIGNED,2026-08-15 17:15:00,ORD-000024,FU-000024,DEL-000020,STR-020,RID-000008,
EVT-0000225,PICKING_COMPLETED,2026-08-15 17:17:59,ORD-000024,FU-000024,,STR-020,,
EVT-0000229,RIDER_ARRIVED_AT_STORE,2026-08-15 17:18:00,ORD-000024,FU-000024,DEL-000020,STR-020,RID-000008,
EVT-0000226,PACKING_STARTED,2026-08-15 17:18:25,ORD-000024,FU-000024,,STR-020,,
EVT-0000227,PACKING_COMPLETED,2026-08-15 17:20:37,ORD-000024,FU-000024,,STR-020,,
EVT-0000230,PICKED_UP,2026-08-15 17:21:02,ORD-000024,FU-000024,DEL-000020,STR-020,RID-000008,
EVT-0000231,DELIVERY_STARTED,2026-08-15 17:21:22,ORD-000024,FU-000024,DEL-000020,STR-020,RID-000008,
EVT-0000232,DELIVERED,2026-08-15 17:29:25,ORD-000024,FU-000024,DEL-000020,STR-020,RID-000008,
EVT-0000245,ORDER_CREATED,2026-08-15 17:43:15,ORD-000026,,,,,
EVT-0000246,PAYMENT_SUCCESS,2026-08-15 17:43:43,ORD-000026,,,,,
EVT-0000247,STORE_ASSIGNED,2026-08-15 17:45:12,ORD-000026,FU-000026,,STR-006,,
EVT-0000248,PICKING_STARTED,2026-08-15 17:46:49,ORD-000026,FU-000026,,STR-006,,
EVT-0000786,ORDER_CREATED,2026-08-15 17:48:58,ORD-000078,,,,,
EVT-0000252,RIDER_ASSIGNED,2026-08-15 17:49:00,ORD-000026,FU-000026,DEL-000022,STR-006,RID-000037,
EVT-0000787,PAYMENT_SUCCESS,2026-08-15 17:49:12,ORD-000078,,,,,
EVT-0000249,PICKING_COMPLETED,2026-08-15 17:50:27,ORD-000026,FU-000026,,STR-006,,
EVT-0000250,PACKING_STARTED,2026-08-15 17:50:46,ORD-000026,FU-000026,,STR-006,,
EVT-0000788,STORE_ASSIGNED,2026-08-15 17:50:47,ORD-000078,FU-000076,,STR-018,,
EVT-0000253,RIDER_ARRIVED_AT_STORE,2026-08-15 17:51:00,ORD-000026,FU-000026,DEL-000022,STR-006,RID-000037,
EVT-0000793,RIDER_ASSIGNED,2026-08-15 17:53:00,ORD-000078,FU-000076,DEL-000070,STR-018,RID-000049,
EVT-0000789,PICKING_STARTED,2026-08-15 17:53:20,ORD-000078,FU-000076,,STR-018,,
EVT-0000251,PACKING_COMPLETED,2026-08-15 17:54:07,ORD-000026,FU-000026,,STR-006,,
EVT-0000254,PICKED_UP,2026-08-15 17:54:34,ORD-000026,FU-000026,DEL-000022,STR-006,RID-000037,
EVT-0000255,DELIVERY_STARTED,2026-08-15 17:55:51,ORD-000026,FU-000026,DEL-000022,STR-006,RID-000037,
EVT-0000794,RIDER_ARRIVED_AT_STORE,2026-08-15 17:57:00,ORD-000078,FU-000076,DEL-000070,STR-018,RID-000049,
EVT-0000790,PICKING_COMPLETED,2026-08-15 17:58:19,ORD-000078,FU-000076,,STR-018,,
EVT-0000791,PACKING_STARTED,2026-08-15 17:58:49,ORD-000078,FU-000076,,STR-018,,
EVT-0000792,PACKING_COMPLETED,2026-08-15 18:02:16,ORD-000078,FU-000076,,STR-018,,
EVT-0000795,PICKED_UP,2026-08-15 18:03:15,ORD-000078,FU-000076,DEL-000070,STR-018,RID-000049,
EVT-0000796,DELIVERY_STARTED,2026-08-15 18:04:17,ORD-000078,FU-000076,DEL-000070,STR-018,RID-000049,
EVT-0000675,ORDER_CREATED,2026-08-15 18:05:04,ORD-000070,,,,,
EVT-0000676,PAYMENT_SUCCESS,2026-08-15 18:05:34,ORD-000070,,,,,
EVT-0000256,DELIVERED,2026-08-15 18:06:09,ORD-000026,FU-000026,DEL-000022,STR-006,RID-000037,
EVT-0000677,STORE_ASSIGNED,2026-08-15 18:07:07,ORD-000070,FU-000066,,STR-005,,
EVT-0000687,STORE_ASSIGNED,2026-08-15 18:07:07,ORD-000070,FU-000067,,STR-008,,
EVT-0000682,RIDER_ASSIGNED,2026-08-15 18:08:00,ORD-000070,FU-000066,DEL-000060,STR-005,RID-000040,
EVT-0000688,PICKING_STARTED,2026-08-15 18:08:45,ORD-000070,FU-000067,,STR-008,,
EVT-0000678,PICKING_STARTED,2026-08-15 18:09:54,ORD-000070,FU-000066,,STR-005,,
EVT-0000683,RIDER_ARRIVED_AT_STORE,2026-08-15 18:11:00,ORD-000070,FU-000066,DEL-000060,STR-005,RID-000040,
EVT-0000692,RIDER_ASSIGNED,2026-08-15 18:11:00,ORD-000070,FU-000067,DEL-000061,STR-008,RID-000016,
EVT-0000797,DELIVERED,2026-08-15 18:11:02,ORD-000078,FU-000076,DEL-000070,STR-018,RID-000049,
EVT-0000679,PICKING_COMPLETED,2026-08-15 18:11:55,ORD-000070,FU-000066,,STR-005,,
EVT-0000693,RIDER_ARRIVED_AT_STORE,2026-08-15 18:12:00,ORD-000070,FU-000067,DEL-000061,STR-008,RID-000016,
EVT-0000492,ORDER_CREATED,2026-08-15 18:12:02,ORD-000052,,,,,
EVT-0000680,PACKING_STARTED,2026-08-15 18:12:21,ORD-000070,FU-000066,,STR-005,,
EVT-0000493,PAYMENT_SUCCESS,2026-08-15 18:12:39,ORD-000052,,,,,
EVT-0000041,ORDER_CREATED,2026-08-15 18:12:40,ORD-000006,,,,,
EVT-0000689,PICKING_COMPLETED,2026-08-15 18:12:48,ORD-000070,FU-000067,,STR-008,,
EVT-0000042,PAYMENT_SUCCESS,2026-08-15 18:13:08,ORD-000006,,,,,
EVT-0000690,PACKING_STARTED,2026-08-15 18:13:20,ORD-000070,FU-000067,,STR-008,,
EVT-0000681,PACKING_COMPLETED,2026-08-15 18:13:48,ORD-000070,FU-000066,,STR-005,,
EVT-0000494,STORE_ASSIGNED,2026-08-15 18:13:54,ORD-000052,FU-000049,,STR-019,,
EVT-0000043,STORE_ASSIGNED,2026-08-15 18:14:15,ORD-000006,FU-000005,,STR-009,,
EVT-0000691,PACKING_COMPLETED,2026-08-15 18:14:20,ORD-000070,FU-000067,,STR-008,,
EVT-0000684,PICKED_UP,2026-08-15 18:14:42,ORD-000070,FU-000066,DEL-000060,STR-005,RID-000040,
EVT-0000685,DELIVERY_STARTED,2026-08-15 18:15:11,ORD-000070,FU-000066,DEL-000060,STR-005,RID-000040,
EVT-0000694,PICKED_UP,2026-08-15 18:15:16,ORD-000070,FU-000067,DEL-000061,STR-008,RID-000016,
EVT-0000499,RIDER_ASSIGNED,2026-08-15 18:16:00,ORD-000052,FU-000049,DEL-000045,STR-019,RID-000018,
EVT-0000695,DELIVERY_STARTED,2026-08-15 18:16:05,ORD-000070,FU-000067,DEL-000061,STR-008,RID-000016,
EVT-0000495,PICKING_STARTED,2026-08-15 18:16:33,ORD-000052,FU-000049,,STR-019,,
EVT-0000044,PICKING_STARTED,2026-08-15 18:16:55,ORD-000006,FU-000005,,STR-009,,
EVT-0000045,PICKING_COMPLETED,2026-08-15 18:19:19,ORD-000006,FU-000005,,STR-009,,
EVT-0000686,DELIVERED,2026-08-15 18:19:25,ORD-000070,FU-000066,DEL-000060,STR-005,RID-000040,
EVT-0000344,ORDER_CREATED,2026-08-15 18:19:40,ORD-000034,,,,,
EVT-0000046,PACKING_STARTED,2026-08-15 18:19:58,ORD-000006,FU-000005,,STR-009,,
EVT-0000345,PAYMENT_SUCCESS,2026-08-15 18:20:25,ORD-000034,,,,,
EVT-0000269,ORDER_CREATED,2026-08-15 18:20:36,ORD-000028,,,,,
EVT-0000500,RIDER_ARRIVED_AT_STORE,2026-08-15 18:21:00,ORD-000052,FU-000049,DEL-000045,STR-019,RID-000018,
EVT-0000346,STORE_ASSIGNED,2026-08-15 18:21:01,ORD-000034,FU-000035,,STR-010,,
EVT-0000270,PAYMENT_SUCCESS,2026-08-15 18:21:14,ORD-000028,,,,,
EVT-0000271,STORE_ASSIGNED,2026-08-15 18:22:44,ORD-000028,FU-000028,,STR-001,,
EVT-0000281,STORE_ASSIGNED,2026-08-15 18:22:44,ORD-000028,FU-000029,,STR-015,,
EVT-0000347,PICKING_STARTED,2026-08-15 18:22:53,ORD-000034,FU-000035,,STR-010,,
EVT-0000047,PACKING_COMPLETED,2026-08-15 18:23:24,ORD-000006,FU-000005,,STR-009,,
EVT-0000496,PICKING_COMPLETED,2026-08-15 18:23:28,ORD-000052,FU-000049,,STR-019,,
EVT-0000272,PICKING_STARTED,2026-08-15 18:23:49,ORD-000028,FU-000028,,STR-001,,
EVT-0000497,PACKING_STARTED,2026-08-15 18:23:57,ORD-000052,FU-000049,,STR-019,,
EVT-0000282,PICKING_STARTED,2026-08-15 18:24:20,ORD-000028,FU-000029,,STR-015,,
EVT-0000696,DELIVERED,2026-08-15 18:24:54,ORD-000070,FU-000067,DEL-000061,STR-008,RID-000016,
EVT-0000351,RIDER_ASSIGNED,2026-08-15 18:25:00,ORD-000034,FU-000035,DEL-000031,STR-010,RID-000047,
EVT-0000498,PACKING_COMPLETED,2026-08-15 18:26:17,ORD-000052,FU-000049,,STR-019,,
EVT-0000501,PICKED_UP,2026-08-15 18:26:33,ORD-000052,FU-000049,DEL-000045,STR-019,RID-000018,
EVT-0000276,RIDER_ASSIGNED,2026-08-15 18:27:00,ORD-000028,FU-000028,DEL-000024,STR-001,RID-000011,
EVT-0000502,DELIVERY_STARTED,2026-08-15 18:27:15,ORD-000052,FU-000049,DEL-000045,STR-019,RID-000018,
EVT-0000277,RIDER_ARRIVED_AT_STORE,2026-08-15 18:28:00,ORD-000028,FU-000028,DEL-000024,STR-001,RID-000011,
EVT-0000286,RIDER_ASSIGNED,2026-08-15 18:28:00,ORD-000028,FU-000029,DEL-000025,STR-015,RID-000004,
EVT-0000862,ORDER_CREATED,2026-08-15 18:28:48,ORD-000085,,,,,
EVT-0000287,RIDER_ARRIVED_AT_STORE,2026-08-15 18:29:00,ORD-000028,FU-000029,DEL-000025,STR-015,RID-000004,
EVT-0000352,RIDER_ARRIVED_AT_STORE,2026-08-15 18:29:00,ORD-000034,FU-000035,DEL-000031,STR-010,RID-000047,
EVT-0000863,PAYMENT_SUCCESS,2026-08-15 18:29:05,ORD-000085,,,,,
EVT-0000283,PICKING_COMPLETED,2026-08-15 18:29:24,ORD-000028,FU-000029,,STR-015,,
EVT-0000284,PACKING_STARTED,2026-08-15 18:29:46,ORD-000028,FU-000029,,STR-015,,
EVT-0000273,PICKING_COMPLETED,2026-08-15 18:29:55,ORD-000028,FU-000028,,STR-001,,
EVT-0000864,STORE_ASSIGNED,2026-08-15 18:30:25,ORD-000085,FU-000083,,STR-014,,
EVT-0000348,PICKING_COMPLETED,2026-08-15 18:30:31,ORD-000034,FU-000035,,STR-010,,
EVT-0000274,PACKING_STARTED,2026-08-15 18:30:35,ORD-000028,FU-000028,,STR-001,,
EVT-0000349,PACKING_STARTED,2026-08-15 18:31:02,ORD-000034,FU-000035,,STR-010,,
EVT-0000350,PACKING_COMPLETED,2026-08-15 18:32:25,ORD-000034,FU-000035,,STR-010,,
EVT-0000865,FULFILMENT_CANCELLED,2026-08-15 18:32:25,ORD-000085,FU-000083,,STR-014,,CUSTOMER_REQUEST
EVT-0000275,PACKING_COMPLETED,2026-08-15 18:32:35,ORD-000028,FU-000028,,STR-001,,
EVT-0000278,PICKED_UP,2026-08-15 18:32:53,ORD-000028,FU-000028,DEL-000024,STR-001,RID-000011,
EVT-0000285,PACKING_COMPLETED,2026-08-15 18:33:06,ORD-000028,FU-000029,,STR-015,,
EVT-0000279,DELIVERY_STARTED,2026-08-15 18:33:10,ORD-000028,FU-000028,DEL-000024,STR-001,RID-000011,
EVT-0000353,PICKED_UP,2026-08-15 18:33:19,ORD-000034,FU-000035,DEL-000031,STR-010,RID-000047,
EVT-0000288,PICKED_UP,2026-08-15 18:33:45,ORD-000028,FU-000029,DEL-000025,STR-015,RID-000004,
EVT-0000354,DELIVERY_STARTED,2026-08-15 18:34:28,ORD-000034,FU-000035,DEL-000031,STR-010,RID-000047,
EVT-0000289,DELIVERY_STARTED,2026-08-15 18:34:29,ORD-000028,FU-000029,DEL-000025,STR-015,RID-000004,
EVT-0000290,DELIVERED,2026-08-15 18:37:37,ORD-000028,FU-000029,DEL-000025,STR-015,RID-000004,
EVT-0000355,DELIVERED,2026-08-15 18:37:42,ORD-000034,FU-000035,DEL-000031,STR-010,RID-000047,
EVT-0000280,DELIVERED,2026-08-15 18:40:15,ORD-000028,FU-000028,DEL-000024,STR-001,RID-000011,
EVT-0000503,DELIVERED,2026-08-15 18:40:44,ORD-000052,FU-000049,DEL-000045,STR-019,RID-000018,
EVT-0000527,ORDER_CREATED,2026-08-15 18:44:50,ORD-000056,,,,,
EVT-0000528,PAYMENT_SUCCESS,2026-08-15 18:45:33,ORD-000056,,,,,
EVT-0000529,STORE_ASSIGNED,2026-08-15 18:46:05,ORD-000056,FU-000053,,STR-019,,
EVT-0000530,PICKING_STARTED,2026-08-15 18:47:55,ORD-000056,FU-000053,,STR-019,,
EVT-0000534,RIDER_ASSIGNED,2026-08-15 18:49:00,ORD-000056,FU-000053,DEL-000048,STR-019,RID-000024,
EVT-0000504,ORDER_CREATED,2026-08-15 18:50:38,ORD-000053,,,,,
EVT-0000505,PAYMENT_SUCCESS,2026-08-15 18:51:10,ORD-000053,,,,,
EVT-0000531,PICKING_COMPLETED,2026-08-15 18:52:19,ORD-000056,FU-000053,,STR-019,,
EVT-0000506,STORE_ASSIGNED,2026-08-15 18:52:52,ORD-000053,FU-000050,,STR-006,,
EVT-0000532,PACKING_STARTED,2026-08-15 18:53:01,ORD-000056,FU-000053,,STR-019,,
EVT-0000535,RIDER_ARRIVED_AT_STORE,2026-08-15 18:54:00,ORD-000056,FU-000053,DEL-000048,STR-019,RID-000024,
EVT-0000507,PICKING_STARTED,2026-08-15 18:55:18,ORD-000053,FU-000050,,STR-006,,
EVT-0000533,PACKING_COMPLETED,2026-08-15 18:55:20,ORD-000056,FU-000053,,STR-019,,
EVT-0000511,RIDER_ASSIGNED,2026-08-15 18:56:00,ORD-000053,FU-000050,DEL-000046,STR-006,RID-000009,
EVT-0000536,PICKED_UP,2026-08-15 18:56:08,ORD-000056,FU-000053,DEL-000048,STR-019,RID-000024,
EVT-0000537,DELIVERY_STARTED,2026-08-15 18:56:34,ORD-000056,FU-000053,DEL-000048,STR-019,RID-000024,
EVT-0000508,PICKING_COMPLETED,2026-08-15 18:59:04,ORD-000053,FU-000050,,STR-006,,
EVT-0000509,PACKING_STARTED,2026-08-15 18:59:25,ORD-000053,FU-000050,,STR-006,,
EVT-0000512,RIDER_ARRIVED_AT_STORE,2026-08-15 19:01:00,ORD-000053,FU-000050,DEL-000046,STR-006,RID-000009,
EVT-0000510,PACKING_COMPLETED,2026-08-15 19:02:42,ORD-000053,FU-000050,,STR-006,,
EVT-0000513,PICKED_UP,2026-08-15 19:02:58,ORD-000053,FU-000050,DEL-000046,STR-006,RID-000009,
EVT-0000538,DELIVERED,2026-08-15 19:03:20,ORD-000056,FU-000053,DEL-000048,STR-019,RID-000024,
EVT-0000514,DELIVERY_STARTED,2026-08-15 19:03:29,ORD-000053,FU-000050,DEL-000046,STR-006,RID-000009,
EVT-0000539,ORDER_CREATED,2026-08-15 19:05:04,ORD-000057,,,,,
EVT-0000540,PAYMENT_SUCCESS,2026-08-15 19:05:15,ORD-000057,,,,,
EVT-0000541,STORE_ASSIGNED,2026-08-15 19:06:59,ORD-000057,FU-000054,,STR-001,,
EVT-0000515,DELIVERED,2026-08-15 19:09:11,ORD-000053,FU-000050,DEL-000046,STR-006,RID-000009,
EVT-0000542,PICKING_STARTED,2026-08-15 19:09:16,ORD-000057,FU-000054,,STR-001,,
EVT-0000546,RIDER_ASSIGNED,2026-08-15 19:13:00,ORD-000057,FU-000054,DEL-000049,STR-001,RID-000025,
EVT-0000547,RIDER_ARRIVED_AT_STORE,2026-08-15 19:16:00,ORD-000057,FU-000054,DEL-000049,STR-001,RID-000025,
EVT-0000543,PICKING_COMPLETED,2026-08-15 19:17:09,ORD-000057,FU-000054,,STR-001,,
EVT-0000544,PACKING_STARTED,2026-08-15 19:17:41,ORD-000057,FU-000054,,STR-001,,
EVT-0000545,PACKING_COMPLETED,2026-08-15 19:20:02,ORD-000057,FU-000054,,STR-001,,
EVT-0000548,PICKED_UP,2026-08-15 19:20:20,ORD-000057,FU-000054,DEL-000049,STR-001,RID-000025,
EVT-0000549,DELIVERY_STARTED,2026-08-15 19:21:16,ORD-000057,FU-000054,DEL-000049,STR-001,RID-000025,
EVT-0000810,ORDER_CREATED,2026-08-15 19:26:29,ORD-000080,,,,,
EVT-0000811,PAYMENT_SUCCESS,2026-08-15 19:27:03,ORD-000080,,,,,
EVT-0000812,STORE_ASSIGNED,2026-08-15 19:28:53,ORD-000080,FU-000078,,STR-003,,
EVT-0000550,DELIVERED,2026-08-15 19:29:43,ORD-000057,FU-000054,DEL-000049,STR-001,RID-000025,
EVT-0000838,ORDER_CREATED,2026-08-15 19:30:04,ORD-000083,,,,,
EVT-0000839,PAYMENT_SUCCESS,2026-08-15 19:30:30,ORD-000083,,,,,
EVT-0000813,PICKING_STARTED,2026-08-15 19:30:44,ORD-000080,FU-000078,,STR-003,,
EVT-0000840,STORE_ASSIGNED,2026-08-15 19:31:30,ORD-000083,FU-000081,,STR-007,,
EVT-0000841,PICKING_STARTED,2026-08-15 19:33:01,ORD-000083,FU-000081,,STR-007,,
EVT-0000814,PICKING_COMPLETED,2026-08-15 19:33:23,ORD-000080,FU-000078,,STR-003,,
EVT-0000815,PACKING_STARTED,2026-08-15 19:33:40,ORD-000080,FU-000078,,STR-003,,
EVT-0000817,RIDER_ASSIGNED,2026-08-15 19:35:00,ORD-000080,FU-000078,DEL-000072,STR-003,RID-000044,
EVT-0000097,ORDER_CREATED,2026-08-15 19:35:56,ORD-000012,,,,,
EVT-0000818,RIDER_ARRIVED_AT_STORE,2026-08-15 19:36:00,ORD-000080,FU-000078,DEL-000072,STR-003,RID-000044,
EVT-0000098,PAYMENT_SUCCESS,2026-08-15 19:36:25,ORD-000012,,,,,
EVT-0000816,PACKING_COMPLETED,2026-08-15 19:36:40,ORD-000080,FU-000078,,STR-003,,
EVT-0000845,RIDER_ASSIGNED,2026-08-15 19:37:00,ORD-000083,FU-000081,DEL-000074,STR-007,RID-000047,
EVT-0000819,PICKED_UP,2026-08-15 19:37:31,ORD-000080,FU-000078,DEL-000072,STR-003,RID-000044,
EVT-0000099,STORE_ASSIGNED,2026-08-15 19:37:38,ORD-000012,FU-000012,,STR-016,,
EVT-0000820,DELIVERY_STARTED,2026-08-15 19:38:07,ORD-000080,FU-000078,DEL-000072,STR-003,RID-000044,
EVT-0000100,PICKING_STARTED,2026-08-15 19:38:55,ORD-000012,FU-000012,,STR-016,,
EVT-0000842,PICKING_COMPLETED,2026-08-15 19:39:21,ORD-000083,FU-000081,,STR-007,,
EVT-0000843,PACKING_STARTED,2026-08-15 19:39:57,ORD-000083,FU-000081,,STR-007,,
EVT-0000844,PACKING_COMPLETED,2026-08-15 19:41:05,ORD-000083,FU-000081,,STR-007,,
EVT-0000104,RIDER_ASSIGNED,2026-08-15 19:42:00,ORD-000012,FU-000012,DEL-000009,STR-016,RID-000030,
EVT-0000846,RIDER_ARRIVED_AT_STORE,2026-08-15 19:42:00,ORD-000083,FU-000081,DEL-000074,STR-007,RID-000047,
EVT-0000847,PICKED_UP,2026-08-15 19:42:42,ORD-000083,FU-000081,DEL-000074,STR-007,RID-000047,
EVT-0000798,ORDER_CREATED,2026-08-15 19:43:52,ORD-000079,,,,,
EVT-0000848,DELIVERY_STARTED,2026-08-15 19:44:02,ORD-000083,FU-000081,DEL-000074,STR-007,RID-000047,
EVT-0000799,PAYMENT_SUCCESS,2026-08-15 19:44:26,ORD-000079,,,,,
EVT-0000105,RIDER_ARRIVED_AT_STORE,2026-08-15 19:45:00,ORD-000012,FU-000012,DEL-000009,STR-016,RID-000030,
EVT-0000800,STORE_ASSIGNED,2026-08-15 19:46:21,ORD-000079,FU-000077,,STR-014,,
EVT-0000821,DELIVERED,2026-08-15 19:46:24,ORD-000080,FU-000078,DEL-000072,STR-003,RID-000044,
EVT-0000101,PICKING_COMPLETED,2026-08-15 19:46:45,ORD-000012,FU-000012,,STR-016,,
EVT-0000102,PACKING_STARTED,2026-08-15 19:47:22,ORD-000012,FU-000012,,STR-016,,
EVT-0000801,PICKING_STARTED,2026-08-15 19:47:35,ORD-000079,FU-000077,,STR-014,,
EVT-0000103,PACKING_COMPLETED,2026-08-15 19:48:37,ORD-000012,FU-000012,,STR-016,,
EVT-0000106,PICKED_UP,2026-08-15 19:49:05,ORD-000012,FU-000012,DEL-000009,STR-016,RID-000030,
EVT-0000107,DELIVERY_STARTED,2026-08-15 19:49:34,ORD-000012,FU-000012,DEL-000009,STR-016,RID-000030,
EVT-0000805,RIDER_ASSIGNED,2026-08-15 19:50:00,ORD-000079,FU-000077,DEL-000071,STR-014,RID-000024,
EVT-0000849,DELIVERED,2026-08-15 19:51:16,ORD-000083,FU-000081,DEL-000074,STR-007,RID-000047,
EVT-0000423,ORDER_CREATED,2026-08-15 19:51:59,ORD-000043,,,,,
EVT-0000424,PAYMENT_SUCCESS,2026-08-15 19:52:08,ORD-000043,,,,,
EVT-0000745,ORDER_CREATED,2026-08-15 19:52:13,ORD-000075,,,,,
EVT-0000108,DELIVERED,2026-08-15 19:52:45,ORD-000012,FU-000012,DEL-000009,STR-016,RID-000030,
EVT-0000746,PAYMENT_SUCCESS,2026-08-15 19:52:49,ORD-000075,,,,,
EVT-0000802,PICKING_COMPLETED,2026-08-15 19:52:59,ORD-000079,FU-000077,,STR-014,,
EVT-0000425,STORE_ASSIGNED,2026-08-15 19:53:28,ORD-000043,FU-000042,,STR-014,,
EVT-0000803,PACKING_STARTED,2026-08-15 19:53:31,ORD-000079,FU-000077,,STR-014,,
EVT-0000747,STORE_ASSIGNED,2026-08-15 19:54:26,ORD-000075,FU-000072,,STR-013,,
EVT-0000804,PACKING_COMPLETED,2026-08-15 19:55:00,ORD-000079,FU-000077,,STR-014,,
EVT-0000806,RIDER_ARRIVED_AT_STORE,2026-08-15 19:55:00,ORD-000079,FU-000077,DEL-000071,STR-014,RID-000024,
EVT-0000426,PICKING_STARTED,2026-08-15 19:55:24,ORD-000043,FU-000042,,STR-014,,
EVT-0000807,PICKED_UP,2026-08-15 19:55:27,ORD-000079,FU-000077,DEL-000071,STR-014,RID-000024,
EVT-0000748,PICKING_STARTED,2026-08-15 19:55:39,ORD-000075,FU-000072,,STR-013,,
EVT-0000808,DELIVERY_STARTED,2026-08-15 19:56:26,ORD-000079,FU-000077,DEL-000071,STR-014,RID-000024,
EVT-0000752,RIDER_ASSIGNED,2026-08-15 19:57:00,ORD-000075,FU-000072,DEL-000066,STR-013,RID-000049,
EVT-0000753,RIDER_ARRIVED_AT_STORE,2026-08-15 20:00:00,ORD-000075,FU-000072,DEL-000066,STR-013,RID-000049,
EVT-0000121,ORDER_CREATED,2026-08-15 20:00:12,ORD-000015,,,,,
EVT-0000427,PICKING_COMPLETED,2026-08-15 20:00:32,ORD-000043,FU-000042,,STR-014,,
EVT-0000122,PAYMENT_SUCCESS,2026-08-15 20:00:38,ORD-000015,,,,,
EVT-0000428,PACKING_STARTED,2026-08-15 20:01:16,ORD-000043,FU-000042,,STR-014,,
EVT-0000123,STORE_ASSIGNED,2026-08-15 20:02:27,ORD-000015,FU-000014,,STR-016,,
EVT-0000133,STORE_ASSIGNED,2026-08-15 20:02:27,ORD-000015,FU-000015,,STR-010,,
EVT-0000749,PICKING_COMPLETED,2026-08-15 20:03:26,ORD-000075,FU-000072,,STR-013,,
EVT-0000750,PACKING_STARTED,2026-08-15 20:03:44,ORD-000075,FU-000072,,STR-013,,
EVT-0000124,PICKING_STARTED,2026-08-15 20:04:15,ORD-000015,FU-000014,,STR-016,,
EVT-0000134,PICKING_STARTED,2026-08-15 20:04:21,ORD-000015,FU-000015,,STR-010,,
EVT-0000429,PACKING_COMPLETED,2026-08-15 20:04:41,ORD-000043,FU-000042,,STR-014,,
EVT-0000128,RIDER_ASSIGNED,2026-08-15 20:05:00,ORD-000015,FU-000014,DEL-000011,STR-016,RID-000028,
EVT-0000809,DELIVERED,2026-08-15 20:05:06,ORD-000079,FU-000077,DEL-000071,STR-014,RID-000024,
EVT-0000138,RIDER_ASSIGNED,2026-08-15 20:06:00,ORD-000015,FU-000015,DEL-000012,STR-010,RID-000016,
EVT-0000751,PACKING_COMPLETED,2026-08-15 20:06:49,ORD-000075,FU-000072,,STR-013,,
EVT-0000754,PICKED_UP,2026-08-15 20:07:44,ORD-000075,FU-000072,DEL-000066,STR-013,RID-000049,
EVT-0000139,RIDER_ARRIVED_AT_STORE,2026-08-15 20:08:00,ORD-000015,FU-000015,DEL-000012,STR-010,RID-000016,
EVT-0000125,PICKING_COMPLETED,2026-08-15 20:08:02,ORD-000015,FU-000014,,STR-016,,
EVT-0000135,PICKING_COMPLETED,2026-08-15 20:08:06,ORD-000015,FU-000015,,STR-010,,
EVT-0000136,PACKING_STARTED,2026-08-15 20:08:40,ORD-000015,FU-000015,,STR-010,,
EVT-0000126,PACKING_STARTED,2026-08-15 20:08:43,ORD-000015,FU-000014,,STR-016,,
EVT-0000755,DELIVERY_STARTED,2026-08-15 20:08:47,ORD-000075,FU-000072,DEL-000066,STR-013,RID-000049,
EVT-0000129,RIDER_ARRIVED_AT_STORE,2026-08-15 20:10:00,ORD-000015,FU-000014,DEL-000011,STR-016,RID-000028,
EVT-0000137,PACKING_COMPLETED,2026-08-15 20:10:42,ORD-000015,FU-000015,,STR-010,,
EVT-0000140,PICKED_UP,2026-08-15 20:11:10,ORD-000015,FU-000015,DEL-000012,STR-010,RID-000016,
EVT-0000127,PACKING_COMPLETED,2026-08-15 20:11:51,ORD-000015,FU-000014,,STR-016,,
EVT-0000141,DELIVERY_STARTED,2026-08-15 20:12:18,ORD-000015,FU-000015,DEL-000012,STR-010,RID-000016,
EVT-0000130,PICKED_UP,2026-08-15 20:12:41,ORD-000015,FU-000014,DEL-000011,STR-016,RID-000028,
EVT-0000131,DELIVERY_STARTED,2026-08-15 20:14:02,ORD-000015,FU-000014,DEL-000011,STR-016,RID-000028,
EVT-0000142,DELIVERED,2026-08-15 20:15:38,ORD-000015,FU-000015,DEL-000012,STR-010,RID-000016,
EVT-0000756,DELIVERED,2026-08-15 20:16:46,ORD-000075,FU-000072,DEL-000066,STR-013,RID-000049,
EVT-0000147,ORDER_CREATED,2026-08-15 20:17:41,ORD-000017,,,,,
EVT-0000148,PAYMENT_SUCCESS,2026-08-15 20:18:02,ORD-000017,,,,,
EVT-0000149,STORE_ASSIGNED,2026-08-15 20:19:52,ORD-000017,FU-000017,,STR-019,,
EVT-0000150,PICKING_STARTED,2026-08-15 20:22:31,ORD-000017,FU-000017,,STR-019,,
EVT-0000132,DELIVERED,2026-08-15 20:22:51,ORD-000015,FU-000014,DEL-000011,STR-016,RID-000028,
EVT-0000154,RIDER_ASSIGNED,2026-08-15 20:23:00,ORD-000017,FU-000017,DEL-000013,STR-019,RID-000007,
EVT-0000151,PICKING_COMPLETED,2026-08-15 20:25:38,ORD-000017,FU-000017,,STR-019,,
EVT-0000152,PACKING_STARTED,2026-08-15 20:26:23,ORD-000017,FU-000017,,STR-019,,
EVT-0000155,RIDER_ARRIVED_AT_STORE,2026-08-15 20:27:00,ORD-000017,FU-000017,DEL-000013,STR-019,RID-000007,
EVT-0000153,PACKING_COMPLETED,2026-08-15 20:27:51,ORD-000017,FU-000017,,STR-019,,
EVT-0000156,PICKED_UP,2026-08-15 20:28:36,ORD-000017,FU-000017,DEL-000013,STR-019,RID-000007,
EVT-0000157,DELIVERY_STARTED,2026-08-15 20:29:26,ORD-000017,FU-000017,DEL-000013,STR-019,RID-000007,
EVT-0000411,ORDER_CREATED,2026-08-15 20:35:26,ORD-000041,,,,,
EVT-0000412,PAYMENT_SUCCESS,2026-08-15 20:36:04,ORD-000041,,,,,
EVT-0000158,DELIVERED,2026-08-15 20:36:22,ORD-000017,FU-000017,DEL-000013,STR-019,RID-000007,
EVT-0000413,STORE_ASSIGNED,2026-08-15 20:37:22,ORD-000041,FU-000041,,STR-016,,
EVT-0000368,ORDER_CREATED,2026-08-15 20:37:44,ORD-000036,,,,,
EVT-0000369,PAYMENT_SUCCESS,2026-08-15 20:37:55,ORD-000036,,,,,
EVT-0000414,PICKING_STARTED,2026-08-15 20:39:04,ORD-000041,FU-000041,,STR-016,,
EVT-0000370,STORE_ASSIGNED,2026-08-15 20:39:17,ORD-000036,FU-000037,,STR-004,,
EVT-0000371,PICKING_STARTED,2026-08-15 20:41:56,ORD-000036,FU-000037,,STR-004,,
EVT-0000418,RIDER_ASSIGNED,2026-08-15 20:42:00,ORD-000041,FU-000041,DEL-000037,STR-016,RID-000050,
EVT-0000375,RIDER_ASSIGNED,2026-08-15 20:45:00,ORD-000036,FU-000037,DEL-000033,STR-004,RID-000023,
EVT-0000372,PICKING_COMPLETED,2026-08-15 20:45:26,ORD-000036,FU-000037,,STR-004,,
EVT-0000373,PACKING_STARTED,2026-08-15 20:45:51,ORD-000036,FU-000037,,STR-004,,
EVT-0000415,PICKING_COMPLETED,2026-08-15 20:45:52,ORD-000041,FU-000041,,STR-016,,
EVT-0000419,RIDER_ARRIVED_AT_STORE,2026-08-15 20:46:00,ORD-000041,FU-000041,DEL-000037,STR-016,RID-000050,
EVT-0000416,PACKING_STARTED,2026-08-15 20:46:37,ORD-000041,FU-000041,,STR-016,,
EVT-0000376,RIDER_ARRIVED_AT_STORE,2026-08-15 20:48:00,ORD-000036,FU-000037,DEL-000033,STR-004,RID-000023,
EVT-0000374,PACKING_COMPLETED,2026-08-15 20:48:54,ORD-000036,FU-000037,,STR-004,,
EVT-0000377,PICKED_UP,2026-08-15 20:49:33,ORD-000036,FU-000037,DEL-000033,STR-004,RID-000023,
EVT-0000417,PACKING_COMPLETED,2026-08-15 20:49:59,ORD-000041,FU-000041,,STR-016,,
EVT-0000378,DELIVERY_STARTED,2026-08-15 20:50:36,ORD-000036,FU-000037,DEL-000033,STR-004,RID-000023,
EVT-0000420,PICKED_UP,2026-08-15 20:50:47,ORD-000041,FU-000041,DEL-000037,STR-016,RID-000050,
EVT-0000421,DELIVERY_STARTED,2026-08-15 20:51:52,ORD-000041,FU-000041,DEL-000037,STR-016,RID-000050,
EVT-0000379,DELIVERED,2026-08-15 20:55:38,ORD-000036,FU-000037,DEL-000033,STR-004,RID-000023,
EVT-0000422,DELIVERED,2026-08-15 20:56:23,ORD-000041,FU-000041,DEL-000037,STR-016,RID-000050,
EVT-0000974,ORDER_CREATED,2026-08-15 21:01:24,ORD-000095,,,,,
EVT-0000975,PAYMENT_SUCCESS,2026-08-15 21:01:50,ORD-000095,,,,,
EVT-0000976,STORE_ASSIGNED,2026-08-15 21:02:49,ORD-000095,FU-000093,,STR-001,,
EVT-0000986,STORE_ASSIGNED,2026-08-15 21:02:49,ORD-000095,FU-000094,,STR-018,,
EVT-0000987,PICKING_STARTED,2026-08-15 21:04:39,ORD-000095,FU-000094,,STR-018,,
EVT-0000977,PICKING_STARTED,2026-08-15 21:04:48,ORD-000095,FU-000093,,STR-001,,
EVT-0000981,RIDER_ASSIGNED,2026-08-15 21:07:00,ORD-000095,FU-000093,DEL-000085,STR-001,RID-000019,
EVT-0000991,RIDER_ASSIGNED,2026-08-15 21:08:00,ORD-000095,FU-000094,DEL-000086,STR-018,RID-000003,
EVT-0000992,RIDER_ARRIVED_AT_STORE,2026-08-15 21:09:00,ORD-000095,FU-000094,DEL-000086,STR-018,RID-000003,
EVT-0000982,RIDER_ARRIVED_AT_STORE,2026-08-15 21:10:00,ORD-000095,FU-000093,DEL-000085,STR-001,RID-000019,
EVT-0000978,PICKING_COMPLETED,2026-08-15 21:10:09,ORD-000095,FU-000093,,STR-001,,
EVT-0000988,PICKING_COMPLETED,2026-08-15 21:10:15,ORD-000095,FU-000094,,STR-018,,
EVT-0000979,PACKING_STARTED,2026-08-15 21:10:44,ORD-000095,FU-000093,,STR-001,,
EVT-0000989,PACKING_STARTED,2026-08-15 21:10:53,ORD-000095,FU-000094,,STR-018,,
EVT-0000980,PACKING_COMPLETED,2026-08-15 21:11:49,ORD-000095,FU-000093,,STR-001,,
EVT-0000983,PICKED_UP,2026-08-15 21:12:19,ORD-000095,FU-000093,DEL-000085,STR-001,RID-000019,
EVT-0000984,DELIVERY_STARTED,2026-08-15 21:12:43,ORD-000095,FU-000093,DEL-000085,STR-001,RID-000019,
EVT-0000990,PACKING_COMPLETED,2026-08-15 21:14:00,ORD-000095,FU-000094,,STR-018,,
EVT-0000993,PICKED_UP,2026-08-15 21:14:37,ORD-000095,FU-000094,DEL-000086,STR-018,RID-000003,
EVT-0000994,DELIVERY_STARTED,2026-08-15 21:15:16,ORD-000095,FU-000094,DEL-000086,STR-018,RID-000003,
EVT-0000985,DELIVERED,2026-08-15 21:17:28,ORD-000095,FU-000093,DEL-000085,STR-001,RID-000019,
EVT-0000995,DELIVERED,2026-08-15 21:24:13,ORD-000095,FU-000094,DEL-000086,STR-018,RID-000003,
EVT-0000257,ORDER_CREATED,2026-08-15 21:34:42,ORD-000027,,,,,
EVT-0000258,PAYMENT_SUCCESS,2026-08-15 21:34:54,ORD-000027,,,,,
EVT-0000259,STORE_ASSIGNED,2026-08-15 21:36:36,ORD-000027,FU-000027,,STR-010,,
EVT-0000260,PICKING_STARTED,2026-08-15 21:37:55,ORD-000027,FU-000027,,STR-010,,
EVT-0000264,RIDER_ASSIGNED,2026-08-15 21:40:00,ORD-000027,FU-000027,DEL-000023,STR-010,RID-000024,
EVT-0000261,PICKING_COMPLETED,2026-08-15 21:40:03,ORD-000027,FU-000027,,STR-010,,
EVT-0000262,PACKING_STARTED,2026-08-15 21:40:27,ORD-000027,FU-000027,,STR-010,,
EVT-0000265,RIDER_ARRIVED_AT_STORE,2026-08-15 21:41:00,ORD-000027,FU-000027,DEL-000023,STR-010,RID-000024,
EVT-0000263,PACKING_COMPLETED,2026-08-15 21:41:39,ORD-000027,FU-000027,,STR-010,,
EVT-0000266,PICKED_UP,2026-08-15 21:42:18,ORD-000027,FU-000027,DEL-000023,STR-010,RID-000024,
EVT-0000267,DELIVERY_STARTED,2026-08-15 21:43:17,ORD-000027,FU-000027,DEL-000023,STR-010,RID-000024,
EVT-0000709,ORDER_CREATED,2026-08-15 21:43:57,ORD-000072,,,,,
EVT-0000710,PAYMENT_SUCCESS,2026-08-15 21:44:26,ORD-000072,,,,,
EVT-0000711,STORE_ASSIGNED,2026-08-15 21:46:10,ORD-000072,FU-000069,,STR-007,,
EVT-0000712,PICKING_STARTED,2026-08-15 21:47:38,ORD-000072,FU-000069,,STR-007,,
EVT-0000268,DELIVERED,2026-08-15 21:48:43,ORD-000027,FU-000027,DEL-000023,STR-010,RID-000024,
EVT-0000716,RIDER_ASSIGNED,2026-08-15 21:51:00,ORD-000072,FU-000069,DEL-000063,STR-007,RID-000038,
EVT-0000713,PICKING_COMPLETED,2026-08-15 21:51:17,ORD-000072,FU-000069,,STR-007,,
EVT-0000714,PACKING_STARTED,2026-08-15 21:51:49,ORD-000072,FU-000069,,STR-007,,
EVT-0000715,PACKING_COMPLETED,2026-08-15 21:54:13,ORD-000072,FU-000069,,STR-007,,
EVT-0000717,RIDER_ARRIVED_AT_STORE,2026-08-15 21:56:00,ORD-000072,FU-000069,DEL-000063,STR-007,RID-000038,
EVT-0000718,PICKED_UP,2026-08-15 21:56:59,ORD-000072,FU-000069,DEL-000063,STR-007,RID-000038,
EVT-0000719,DELIVERY_STARTED,2026-08-15 21:57:20,ORD-000072,FU-000069,DEL-000063,STR-007,RID-000038,
EVT-0000480,ORDER_CREATED,2026-08-15 21:58:49,ORD-000051,,,,,
EVT-0000481,PAYMENT_SUCCESS,2026-08-15 21:59:16,ORD-000051,,,,,
EVT-0000399,ORDER_CREATED,2026-08-15 22:00:32,ORD-000040,,,,,
EVT-0000400,PAYMENT_SUCCESS,2026-08-15 22:00:59,ORD-000040,,,,,
EVT-0000482,STORE_ASSIGNED,2026-08-15 22:01:10,ORD-000051,FU-000048,,STR-018,,
EVT-0000401,STORE_ASSIGNED,2026-08-15 22:02:05,ORD-000040,FU-000040,,STR-009,,
EVT-0000487,RIDER_ASSIGNED,2026-08-15 22:03:00,ORD-000051,FU-000048,DEL-000044,STR-018,RID-000019,
EVT-0000720,DELIVERED,2026-08-15 22:03:24,ORD-000072,FU-000069,DEL-000063,STR-007,RID-000038,
EVT-0000483,PICKING_STARTED,2026-08-15 22:03:54,ORD-000051,FU-000048,,STR-018,,
EVT-0000402,PICKING_STARTED,2026-08-15 22:04:41,ORD-000040,FU-000040,,STR-009,,
EVT-0000488,RIDER_ARRIVED_AT_STORE,2026-08-15 22:05:00,ORD-000051,FU-000048,DEL-000044,STR-018,RID-000019,
EVT-0000406,RIDER_ASSIGNED,2026-08-15 22:07:00,ORD-000040,FU-000040,DEL-000036,STR-009,RID-000016,
EVT-0000403,PICKING_COMPLETED,2026-08-15 22:07:35,ORD-000040,FU-000040,,STR-009,,
EVT-0000404,PACKING_STARTED,2026-08-15 22:07:54,ORD-000040,FU-000040,,STR-009,,
EVT-0000407,RIDER_ARRIVED_AT_STORE,2026-08-15 22:09:00,ORD-000040,FU-000040,DEL-000036,STR-009,RID-000016,
EVT-0000405,PACKING_COMPLETED,2026-08-15 22:10:04,ORD-000040,FU-000040,,STR-009,,
EVT-0000408,PICKED_UP,2026-08-15 22:10:35,ORD-000040,FU-000040,DEL-000036,STR-009,RID-000016,
EVT-0000484,PICKING_COMPLETED,2026-08-15 22:10:49,ORD-000051,FU-000048,,STR-018,,
EVT-0000409,DELIVERY_STARTED,2026-08-15 22:11:06,ORD-000040,FU-000040,DEL-000036,STR-009,RID-000016,
EVT-0000485,PACKING_STARTED,2026-08-15 22:11:25,ORD-000051,FU-000048,,STR-018,,
EVT-0000486,PACKING_COMPLETED,2026-08-15 22:13:45,ORD-000051,FU-000048,,STR-018,,
EVT-0000489,PICKED_UP,2026-08-15 22:14:03,ORD-000051,FU-000048,DEL-000044,STR-018,RID-000019,
EVT-0000490,DELIVERY_STARTED,2026-08-15 22:14:21,ORD-000051,FU-000048,DEL-000044,STR-018,RID-000019,
EVT-0000048,ORDER_CREATED,2026-08-15 22:14:24,ORD-000007,,,,,
EVT-0000049,PAYMENT_SUCCESS,2026-08-15 22:14:29,ORD-000007,,,,,
EVT-0000410,DELIVERED,2026-08-15 22:14:37,ORD-000040,FU-000040,DEL-000036,STR-009,RID-000016,
EVT-0000050,STORE_ASSIGNED,2026-08-15 22:15:13,ORD-000007,FU-000006,,STR-018,,
EVT-0000060,STORE_ASSIGNED,2026-08-15 22:15:13,ORD-000007,FU-000007,,STR-001,,
EVT-0000061,FULFILMENT_FAILED,2026-08-15 22:16:13,ORD-000007,FU-000007,,STR-001,,STORE_OPERATIONAL_FAILURE
EVT-0000850,ORDER_CREATED,2026-08-15 22:16:25,ORD-000084,,,,,
EVT-0000851,PAYMENT_SUCCESS,2026-08-15 22:17:05,ORD-000084,,,,,
EVT-0000051,PICKING_STARTED,2026-08-15 22:17:40,ORD-000007,FU-000006,,STR-018,,
EVT-0000055,RIDER_ASSIGNED,2026-08-15 22:18:00,ORD-000007,FU-000006,DEL-000005,STR-018,RID-000003,
EVT-0000852,STORE_ASSIGNED,2026-08-15 22:18:21,ORD-000084,FU-000082,,STR-015,,
EVT-0000056,RIDER_ARRIVED_AT_STORE,2026-08-15 22:19:00,ORD-000007,FU-000006,DEL-000005,STR-018,RID-000003,
EVT-0000853,PICKING_STARTED,2026-08-15 22:20:35,ORD-000084,FU-000082,,STR-015,,
EVT-0000857,RIDER_ASSIGNED,2026-08-15 22:23:00,ORD-000084,FU-000082,DEL-000075,STR-015,RID-000040,
EVT-0000858,RIDER_ARRIVED_AT_STORE,2026-08-15 22:24:00,ORD-000084,FU-000082,DEL-000075,STR-015,RID-000040,
EVT-0000052,PICKING_COMPLETED,2026-08-15 22:24:52,ORD-000007,FU-000006,,STR-018,,
EVT-0000053,PACKING_STARTED,2026-08-15 22:25:28,ORD-000007,FU-000006,,STR-018,,
EVT-0000054,PACKING_COMPLETED,2026-08-15 22:26:50,ORD-000007,FU-000006,,STR-018,,
EVT-0000774,ORDER_CREATED,2026-08-15 22:27:17,ORD-000077,,,,,
EVT-0000057,PICKED_UP,2026-08-15 22:27:28,ORD-000007,FU-000006,DEL-000005,STR-018,RID-000003,
EVT-0000775,PAYMENT_SUCCESS,2026-08-15 22:27:40,ORD-000077,,,,,
EVT-0000854,PICKING_COMPLETED,2026-08-15 22:27:42,ORD-000084,FU-000082,,STR-015,,
EVT-0000776,STORE_ASSIGNED,2026-08-15 22:28:12,ORD-000077,FU-000075,,STR-003,,
EVT-0000855,PACKING_STARTED,2026-08-15 22:28:13,ORD-000084,FU-000082,,STR-015,,
EVT-0000058,DELIVERY_STARTED,2026-08-15 22:28:49,ORD-000007,FU-000006,DEL-000005,STR-018,RID-000003,
EVT-0000777,PICKING_STARTED,2026-08-15 22:30:57,ORD-000077,FU-000075,,STR-003,,
EVT-0000781,RIDER_ASSIGNED,2026-08-15 22:31:00,ORD-000077,FU-000075,DEL-000069,STR-003,RID-000045,
EVT-0000491,DELIVERED,2026-08-15 22:31:12,ORD-000051,FU-000048,DEL-000044,STR-018,RID-000019,
EVT-0000856,PACKING_COMPLETED,2026-08-15 22:31:23,ORD-000084,FU-000082,,STR-015,,
EVT-0000859,PICKED_UP,2026-08-15 22:32:10,ORD-000084,FU-000082,DEL-000075,STR-015,RID-000040,
EVT-0000782,RIDER_ARRIVED_AT_STORE,2026-08-15 22:33:00,ORD-000077,FU-000075,DEL-000069,STR-003,RID-000045,
EVT-0000860,DELIVERY_STARTED,2026-08-15 22:33:06,ORD-000084,FU-000082,DEL-000075,STR-015,RID-000040,
EVT-0000778,PICKING_COMPLETED,2026-08-15 22:33:55,ORD-000077,FU-000075,,STR-003,,
EVT-0000779,PACKING_STARTED,2026-08-15 22:34:13,ORD-000077,FU-000075,,STR-003,,
EVT-0000866,ORDER_CREATED,2026-08-15 22:35:04,ORD-000086,,,,,
EVT-0000780,PACKING_COMPLETED,2026-08-15 22:35:30,ORD-000077,FU-000075,,STR-003,,
EVT-0000867,PAYMENT_SUCCESS,2026-08-15 22:35:48,ORD-000086,,,,,
EVT-0000059,DELIVERED,2026-08-15 22:36:14,ORD-000007,FU-000006,DEL-000005,STR-018,RID-000003,
EVT-0000783,PICKED_UP,2026-08-15 22:36:20,ORD-000077,FU-000075,DEL-000069,STR-003,RID-000045,
EVT-0000868,STORE_ASSIGNED,2026-08-15 22:37:17,ORD-000086,FU-000084,,STR-015,,
EVT-0000784,DELIVERY_STARTED,2026-08-15 22:37:41,ORD-000077,FU-000075,DEL-000069,STR-003,RID-000045,
EVT-0000332,ORDER_CREATED,2026-08-15 22:37:44,ORD-000033,,,,,
EVT-0000333,PAYMENT_SUCCESS,2026-08-15 22:38:00,ORD-000033,,,,,
EVT-0000334,STORE_ASSIGNED,2026-08-15 22:38:46,ORD-000033,FU-000034,,STR-004,,
EVT-0000869,PICKING_STARTED,2026-08-15 22:39:57,ORD-000086,FU-000084,,STR-015,,
EVT-0000861,DELIVERED,2026-08-15 22:40:00,ORD-000084,FU-000082,DEL-000075,STR-015,RID-000040,
EVT-0000335,PICKING_STARTED,2026-08-15 22:40:26,ORD-000033,FU-000034,,STR-004,,
EVT-0000339,RIDER_ASSIGNED,2026-08-15 22:42:00,ORD-000033,FU-000034,DEL-000030,STR-004,RID-000014,
EVT-0000870,PICKING_COMPLETED,2026-08-15 22:42:29,ORD-000086,FU-000084,,STR-015,,
EVT-0000340,RIDER_ARRIVED_AT_STORE,2026-08-15 22:43:00,ORD-000033,FU-000034,DEL-000030,STR-004,RID-000014,
EVT-0000873,RIDER_ASSIGNED,2026-08-15 22:43:00,ORD-000086,FU-000084,DEL-000076,STR-015,RID-000006,
EVT-0000871,PACKING_STARTED,2026-08-15 22:43:12,ORD-000086,FU-000084,,STR-015,,
EVT-0000785,DELIVERED,2026-08-15 22:43:35,ORD-000077,FU-000075,DEL-000069,STR-003,RID-000045,
EVT-0000442,ORDER_CREATED,2026-08-15 22:44:30,ORD-000046,,,,,
EVT-0000443,PAYMENT_SUCCESS,2026-08-15 22:44:39,ORD-000046,,,,,
EVT-0000874,RIDER_ARRIVED_AT_STORE,2026-08-15 22:46:00,ORD-000086,FU-000084,DEL-000076,STR-015,RID-000006,
EVT-0000444,STORE_ASSIGNED,2026-08-15 22:46:36,ORD-000046,FU-000044,,STR-002,,
EVT-0000587,ORDER_CREATED,2026-08-15 22:46:36,ORD-000061,,,,,
EVT-0000872,PACKING_COMPLETED,2026-08-15 22:46:37,ORD-000086,FU-000084,,STR-015,,
EVT-0000588,PAYMENT_SUCCESS,2026-08-15 22:47:03,ORD-000061,,,,,
EVT-0000875,PICKED_UP,2026-08-15 22:47:36,ORD-000086,FU-000084,DEL-000076,STR-015,RID-000006,
EVT-0000445,PICKING_STARTED,2026-08-15 22:48:05,ORD-000046,FU-000044,,STR-002,,
EVT-0000062,ORDER_CREATED,2026-08-15 22:48:10,ORD-000008,,,,,
EVT-0000336,PICKING_COMPLETED,2026-08-15 22:48:14,ORD-000033,FU-000034,,STR-004,,
EVT-0000063,PAYMENT_SUCCESS,2026-08-15 22:48:24,ORD-000008,,,,,
EVT-0000589,STORE_ASSIGNED,2026-08-15 22:48:45,ORD-000061,FU-000058,,STR-018,,
EVT-0000876,DELIVERY_STARTED,2026-08-15 22:48:50,ORD-000086,FU-000084,DEL-000076,STR-015,RID-000006,
EVT-0000337,PACKING_STARTED,2026-08-15 22:48:54,ORD-000033,FU-000034,,STR-004,,
EVT-0000064,STORE_ASSIGNED,2026-08-15 22:49:59,ORD-000008,FU-000008,,STR-014,,
EVT-0000143,ORDER_CREATED,2026-08-15 22:50:15,ORD-000016,,,,,
EVT-0000590,PICKING_STARTED,2026-08-15 22:50:38,ORD-000061,FU-000058,,STR-018,,
EVT-0000144,PAYMENT_SUCCESS,2026-08-15 22:50:44,ORD-000016,,,,,
EVT-0000757,ORDER_CREATED,2026-08-15 22:51:58,ORD-000076,,,,,
EVT-0000594,RIDER_ASSIGNED,2026-08-15 22:52:00,ORD-000061,FU-000058,DEL-000053,STR-018,RID-000032,
EVT-0000001,ORDER_CREATED,2026-08-15 22:52:09,ORD-000001,,,,,
EVT-0000758,PAYMENT_SUCCESS,2026-08-15 22:52:15,ORD-000076,,,,,
EVT-0000338,PACKING_COMPLETED,2026-08-15 22:52:21,ORD-000033,FU-000034,,STR-004,,
EVT-0000002,PAYMENT_SUCCESS,2026-08-15 22:52:33,ORD-000001,,,,,
EVT-0000065,PICKING_STARTED,2026-08-15 22:52:35,ORD-000008,FU-000008,,STR-014,,
EVT-0000145,STORE_ASSIGNED,2026-08-15 22:52:40,ORD-000016,FU-000016,,STR-007,,
EVT-0000595,RIDER_ARRIVED_AT_STORE,2026-08-15 22:53:00,ORD-000061,FU-000058,DEL-000053,STR-018,RID-000032,
EVT-0000341,PICKED_UP,2026-08-15 22:53:16,ORD-000033,FU-000034,DEL-000030,STR-004,RID-000014,
EVT-0000759,STORE_ASSIGNED,2026-08-15 22:53:23,ORD-000076,FU-000073,,STR-016,,
EVT-0000769,STORE_ASSIGNED,2026-08-15 22:53:23,ORD-000076,FU-000074,,STR-010,,
EVT-0000003,STORE_ASSIGNED,2026-08-15 22:54:07,ORD-000001,FU-000001,,STR-007,,
EVT-0000342,DELIVERY_STARTED,2026-08-15 22:54:17,ORD-000033,FU-000034,DEL-000030,STR-004,RID-000014,
EVT-0000764,RIDER_ASSIGNED,2026-08-15 22:55:00,ORD-000076,FU-000073,DEL-000067,STR-016,RID-000047,
EVT-0000066,PICKING_COMPLETED,2026-08-15 22:55:02,ORD-000008,FU-000008,,STR-014,,
EVT-0000770,PICKING_STARTED,2026-08-15 22:55:10,ORD-000076,FU-000074,,STR-010,,
EVT-0000877,DELIVERED,2026-08-15 22:55:23,ORD-000086,FU-000084,DEL-000076,STR-015,RID-000006,
EVT-0000446,PICKING_COMPLETED,2026-08-15 22:55:28,ORD-000046,FU-000044,,STR-002,,
EVT-0000067,PACKING_STARTED,2026-08-15 22:55:33,ORD-000008,FU-000008,,STR-014,,
EVT-0000447,PACKING_STARTED,2026-08-15 22:55:43,ORD-000046,FU-000044,,STR-002,,
EVT-0000575,ORDER_CREATED,2026-08-15 22:55:44,ORD-000060,,,,,
EVT-0000760,PICKING_STARTED,2026-08-15 22:55:44,ORD-000076,FU-000073,,STR-016,,
EVT-0000004,PICKING_STARTED,2026-08-15 22:55:57,ORD-000001,FU-000001,,STR-007,,
EVT-0000069,RIDER_ASSIGNED,2026-08-15 22:56:00,ORD-000008,FU-000008,DEL-000006,STR-014,RID-000012,
EVT-0000576,PAYMENT_SUCCESS,2026-08-15 22:56:06,ORD-000060,,,,,
EVT-0000834,ORDER_CREATED,2026-08-15 22:56:08,ORD-000082,,,,,
EVT-0000146,FULFILMENT_CANCELLED,2026-08-15 22:56:40,ORD-000016,FU-000016,,STR-007,,ITEM_UNAVAILABLE
EVT-0000835,PAYMENT_SUCCESS,2026-08-15 22:56:41,ORD-000082,,,,,
EVT-0000008,RIDER_ASSIGNED,2026-08-15 22:57:00,ORD-000001,FU-000001,DEL-000001,STR-007,RID-000036,
EVT-0000448,PACKING_COMPLETED,2026-08-15 22:57:05,ORD-000046,FU-000044,,STR-002,,
EVT-0000771,PICKING_COMPLETED,2026-08-15 22:57:14,ORD-000076,FU-000074,,STR-010,,
EVT-0000591,PICKING_COMPLETED,2026-08-15 22:57:19,ORD-000061,FU-000058,,STR-018,,
EVT-0000772,PACKING_STARTED,2026-08-15 22:57:40,ORD-000076,FU-000074,,STR-010,,
EVT-0000577,STORE_ASSIGNED,2026-08-15 22:57:42,ORD-000060,FU-000057,,STR-005,,
EVT-0000592,PACKING_STARTED,2026-08-15 22:57:50,ORD-000061,FU-000058,,STR-018,,
EVT-0000009,RIDER_ARRIVED_AT_STORE,2026-08-15 22:58:00,ORD-000001,FU-000001,DEL-000001,STR-007,RID-000036,
EVT-0000068,PACKING_COMPLETED,2026-08-15 22:58:02,ORD-000008,FU-000008,,STR-014,,
EVT-0000761,PICKING_COMPLETED,2026-08-15 22:58:12,ORD-000076,FU-000073,,STR-016,,
EVT-0000836,STORE_ASSIGNED,2026-08-15 22:58:15,ORD-000082,FU-000080,,STR-016,,
EVT-0000762,PACKING_STARTED,2026-08-15 22:58:37,ORD-000076,FU-000073,,STR-016,,
EVT-0000765,RIDER_ARRIVED_AT_STORE,2026-08-15 22:59:00,ORD-000076,FU-000073,DEL-000067,STR-016,RID-000047,
EVT-0000593,PACKING_COMPLETED,2026-08-15 23:00:03,ORD-000061,FU-000058,,STR-018,,
EVT-0000005,PICKING_COMPLETED,2026-08-15 23:00:29,ORD-000001,FU-000001,,STR-007,,
EVT-0000596,PICKED_UP,2026-08-15 23:00:29,ORD-000061,FU-000058,DEL-000053,STR-018,RID-000032,
EVT-0000578,PICKING_STARTED,2026-08-15 23:00:39,ORD-000060,FU-000057,,STR-005,,
EVT-0000763,PACKING_COMPLETED,2026-08-15 23:00:41,ORD-000076,FU-000073,,STR-016,,
EVT-0000070,RIDER_ARRIVED_AT_STORE,2026-08-15 23:01:00,ORD-000008,FU-000008,DEL-000006,STR-014,RID-000012,
EVT-0000773,PACKING_COMPLETED,2026-08-15 23:01:04,ORD-000076,FU-000074,,STR-010,,
EVT-0000006,PACKING_STARTED,2026-08-15 23:01:12,ORD-000001,FU-000001,,STR-007,,
EVT-0000837,FULFILMENT_CANCELLED,2026-08-15 23:01:15,ORD-000082,FU-000080,,STR-016,,STORE_UNAVAILABLE
EVT-0000343,DELIVERED,2026-08-15 23:01:19,ORD-000033,FU-000034,DEL-000030,STR-004,RID-000014,
EVT-0000766,PICKED_UP,2026-08-15 23:01:28,ORD-000076,FU-000073,DEL-000067,STR-016,RID-000047,
EVT-0000071,PICKED_UP,2026-08-15 23:01:43,ORD-000008,FU-000008,DEL-000006,STR-014,RID-000012,
EVT-0000597,DELIVERY_STARTED,2026-08-15 23:01:52,ORD-000061,FU-000058,DEL-000053,STR-018,RID-000032,
EVT-0000007,PACKING_COMPLETED,2026-08-15 23:02:16,ORD-000001,FU-000001,,STR-007,,
EVT-0000767,DELIVERY_STARTED,2026-08-15 23:02:37,ORD-000076,FU-000073,DEL-000067,STR-016,RID-000047,
EVT-0000072,DELIVERY_STARTED,2026-08-15 23:02:44,ORD-000008,FU-000008,DEL-000006,STR-014,RID-000012,
EVT-0000010,PICKED_UP,2026-08-15 23:02:49,ORD-000001,FU-000001,DEL-000001,STR-007,RID-000036,
EVT-0000011,DELIVERY_STARTED,2026-08-15 23:03:37,ORD-000001,FU-000001,DEL-000001,STR-007,RID-000036,
EVT-0000582,RIDER_ASSIGNED,2026-08-15 23:04:00,ORD-000060,FU-000057,DEL-000052,STR-005,RID-000041,
EVT-0000583,RIDER_ARRIVED_AT_STORE,2026-08-15 23:05:00,ORD-000060,FU-000057,DEL-000052,STR-005,RID-000041,
EVT-0000579,PICKING_COMPLETED,2026-08-15 23:05:09,ORD-000060,FU-000057,,STR-005,,
EVT-0000580,PACKING_STARTED,2026-08-15 23:05:40,ORD-000060,FU-000057,,STR-005,,
EVT-0000581,PACKING_COMPLETED,2026-08-15 23:06:41,ORD-000060,FU-000057,,STR-005,,
EVT-0000584,PICKED_UP,2026-08-15 23:07:10,ORD-000060,FU-000057,DEL-000052,STR-005,RID-000041,
EVT-0000615,ORDER_CREATED,2026-08-15 23:07:33,ORD-000065,,,,,
EVT-0000585,DELIVERY_STARTED,2026-08-15 23:07:35,ORD-000060,FU-000057,DEL-000052,STR-005,RID-000041,
EVT-0000012,DELIVERED,2026-08-15 23:07:37,ORD-000001,FU-000001,DEL-000001,STR-007,RID-000036,
EVT-0000616,PAYMENT_SUCCESS,2026-08-15 23:07:39,ORD-000065,,,,,
EVT-0000617,STORE_ASSIGNED,2026-08-15 23:08:39,ORD-000065,FU-000061,,STR-010,,
EVT-0000017,ORDER_CREATED,2026-08-15 23:09:31,ORD-000004,,,,,
EVT-0000018,PAYMENT_SUCCESS,2026-08-15 23:10:04,ORD-000004,,,,,
EVT-0000598,DELIVERED,2026-08-15 23:10:22,ORD-000061,FU-000058,DEL-000053,STR-018,RID-000032,
EVT-0000618,PICKING_STARTED,2026-08-15 23:10:57,ORD-000065,FU-000061,,STR-010,,
EVT-0000019,STORE_ASSIGNED,2026-08-15 23:11:02,ORD-000004,FU-000003,,STR-019,,
EVT-0000768,DELIVERED,2026-08-15 23:11:22,ORD-000076,FU-000073,DEL-000067,STR-016,RID-000047,
EVT-0000622,RIDER_ASSIGNED,2026-08-15 23:12:00,ORD-000065,FU-000061,DEL-000055,STR-010,RID-000004,
EVT-0000020,PICKING_STARTED,2026-08-15 23:13:28,ORD-000004,FU-000003,,STR-019,,
EVT-0000619,PICKING_COMPLETED,2026-08-15 23:13:49,ORD-000065,FU-000061,,STR-010,,
EVT-0000623,RIDER_ARRIVED_AT_STORE,2026-08-15 23:14:00,ORD-000065,FU-000061,DEL-000055,STR-010,RID-000004,
EVT-0000620,PACKING_STARTED,2026-08-15 23:14:31,ORD-000065,FU-000061,,STR-010,,
EVT-0000021,PICKING_COMPLETED,2026-08-15 23:16:10,ORD-000004,FU-000003,,STR-019,,
EVT-0000022,PACKING_STARTED,2026-08-15 23:16:47,ORD-000004,FU-000003,,STR-019,,
EVT-0000024,RIDER_ASSIGNED,2026-08-15 23:17:00,ORD-000004,FU-000003,DEL-000002,STR-019,RID-000001,
EVT-0000073,DELIVERED,2026-08-15 23:17:14,ORD-000008,FU-000008,DEL-000006,STR-014,RID-000012,
EVT-0000621,PACKING_COMPLETED,2026-08-15 23:17:59,ORD-000065,FU-000061,,STR-010,,
EVT-0000025,RIDER_ARRIVED_AT_STORE,2026-08-15 23:18:00,ORD-000004,FU-000003,DEL-000002,STR-019,RID-000001,
EVT-0000624,PICKED_UP,2026-08-15 23:18:23,ORD-000065,FU-000061,DEL-000055,STR-010,RID-000004,
EVT-0000190,ORDER_CREATED,2026-08-15 23:18:35,ORD-000021,,,,,
EVT-0000586,DELIVERED,2026-08-15 23:18:59,ORD-000060,FU-000057,DEL-000052,STR-005,RID-000041,
EVT-0000191,PAYMENT_SUCCESS,2026-08-15 23:19:13,ORD-000021,,,,,
EVT-0000625,DELIVERY_STARTED,2026-08-15 23:19:51,ORD-000065,FU-000061,DEL-000055,STR-010,RID-000004,
EVT-0000023,PACKING_COMPLETED,2026-08-15 23:20:14,ORD-000004,FU-000003,,STR-019,,
EVT-0000026,PICKED_UP,2026-08-15 23:20:46,ORD-000004,FU-000003,DEL-000002,STR-019,RID-000001,
EVT-0000192,STORE_ASSIGNED,2026-08-15 23:21:05,ORD-000021,FU-000021,,STR-010,,
EVT-0000027,DELIVERY_STARTED,2026-08-15 23:21:14,ORD-000004,FU-000003,DEL-000002,STR-019,RID-000001,
EVT-0000193,PICKING_STARTED,2026-08-15 23:23:40,ORD-000021,FU-000021,,STR-010,,
EVT-0000639,ORDER_CREATED,2026-08-15 23:24:03,ORD-000067,,,,,
EVT-0000640,PAYMENT_SUCCESS,2026-08-15 23:24:15,ORD-000067,,,,,
EVT-0000641,STORE_ASSIGNED,2026-08-15 23:25:51,ORD-000067,FU-000063,,STR-002,,
EVT-0000642,PICKING_STARTED,2026-08-15 23:28:04,ORD-000067,FU-000063,,STR-002,,
EVT-0000626,DELIVERED,2026-08-15 23:29:20,ORD-000065,FU-000061,DEL-000055,STR-010,RID-000004,
EVT-0000194,PICKING_COMPLETED,2026-08-15 23:29:35,ORD-000021,FU-000021,,STR-010,,
EVT-0000646,RIDER_ASSIGNED,2026-08-15 23:30:00,ORD-000067,FU-000063,DEL-000057,STR-002,RID-000022,
EVT-0000195,PACKING_STARTED,2026-08-15 23:30:14,ORD-000021,FU-000021,,STR-010,,
EVT-0000028,DELIVERED,2026-08-15 23:31:19,ORD-000004,FU-000003,DEL-000002,STR-019,RID-000001,
EVT-0000196,PACKING_COMPLETED,2026-08-15 23:32:22,ORD-000021,FU-000021,,STR-010,,
EVT-0000643,PICKING_COMPLETED,2026-08-15 23:34:29,ORD-000067,FU-000063,,STR-002,,
EVT-0000647,RIDER_ARRIVED_AT_STORE,2026-08-15 23:35:00,ORD-000067,FU-000063,DEL-000057,STR-002,RID-000022,
EVT-0000644,PACKING_STARTED,2026-08-15 23:35:10,ORD-000067,FU-000063,,STR-002,,
EVT-0000645,PACKING_COMPLETED,2026-08-15 23:38:16,ORD-000067,FU-000063,,STR-002,,
EVT-0000648,PICKED_UP,2026-08-15 23:38:43,ORD-000067,FU-000063,DEL-000057,STR-002,RID-000022,
EVT-0000649,DELIVERY_STARTED,2026-08-15 23:39:29,ORD-000067,FU-000063,DEL-000057,STR-002,RID-000022,
EVT-0000627,ORDER_CREATED,2026-08-15 23:40:18,ORD-000066,,,,,
EVT-0000628,PAYMENT_SUCCESS,2026-08-15 23:40:55,ORD-000066,,,,,
EVT-0000629,STORE_ASSIGNED,2026-08-15 23:41:47,ORD-000066,FU-000062,,STR-009,,
EVT-0000291,ORDER_CREATED,2026-08-15 23:42:34,ORD-000029,,,,,
EVT-0000292,PAYMENT_SUCCESS,2026-08-15 23:42:50,ORD-000029,,,,,
EVT-0000630,PICKING_STARTED,2026-08-15 23:42:52,ORD-000066,FU-000062,,STR-009,,
EVT-0000293,STORE_ASSIGNED,2026-08-15 23:44:15,ORD-000029,FU-000030,,STR-007,,
EVT-0000631,PICKING_COMPLETED,2026-08-15 23:45:21,ORD-000066,FU-000062,,STR-009,,
EVT-0000632,PACKING_STARTED,2026-08-15 23:45:48,ORD-000066,FU-000062,,STR-009,,
EVT-0000938,ORDER_CREATED,2026-08-15 23:45:51,ORD-000092,,,,,
EVT-0000939,PAYMENT_SUCCESS,2026-08-15 23:46:16,ORD-000092,,,,,
EVT-0000294,PICKING_STARTED,2026-08-15 23:46:26,ORD-000029,FU-000030,,STR-007,,
EVT-0000940,STORE_ASSIGNED,2026-08-15 23:46:47,ORD-000092,FU-000090,,STR-007,,
EVT-0000650,DELIVERED,2026-08-15 23:47:42,ORD-000067,FU-000063,DEL-000057,STR-002,RID-000022,
EVT-0000074,ORDER_CREATED,2026-08-15 23:47:54,ORD-000009,,,,,
EVT-0000634,RIDER_ASSIGNED,2026-08-15 23:48:00,ORD-000066,FU-000062,DEL-000056,STR-009,RID-000031,
EVT-0000075,PAYMENT_SUCCESS,2026-08-15 23:48:38,ORD-000009,,,,,
EVT-0000633,PACKING_COMPLETED,2026-08-15 23:48:55,ORD-000066,FU-000062,,STR-009,,
EVT-0000295,PICKING_COMPLETED,2026-08-15 23:48:58,ORD-000029,FU-000030,,STR-007,,
EVT-0000635,RIDER_ARRIVED_AT_STORE,2026-08-15 23:49:00,ORD-000066,FU-000062,DEL-000056,STR-009,RID-000031,
EVT-0000945,RIDER_ASSIGNED,2026-08-15 23:49:00,ORD-000092,FU-000090,DEL-000082,STR-007,RID-000040,
EVT-0000183,ORDER_CREATED,2026-08-15 23:49:09,ORD-000020,,,,,
EVT-0000941,PICKING_STARTED,2026-08-15 23:49:18,ORD-000092,FU-000090,,STR-007,,
EVT-0000296,PACKING_STARTED,2026-08-15 23:49:29,ORD-000029,FU-000030,,STR-007,,
EVT-0000636,PICKED_UP,2026-08-15 23:49:32,ORD-000066,FU-000062,DEL-000056,STR-009,RID-000031,
EVT-0000076,STORE_ASSIGNED,2026-08-15 23:49:36,ORD-000009,FU-000009,,STR-010,,
EVT-0000184,PAYMENT_SUCCESS,2026-08-15 23:49:41,ORD-000020,,,,,
EVT-0000878,ORDER_CREATED,2026-08-15 23:50:00,ORD-000087,,,,,
EVT-0000879,PAYMENT_SUCCESS,2026-08-15 23:50:13,ORD-000087,,,,,
EVT-0000637,DELIVERY_STARTED,2026-08-15 23:50:20,ORD-000066,FU-000062,DEL-000056,STR-009,RID-000031,
EVT-0000880,STORE_ASSIGNED,2026-08-15 23:51:02,ORD-000087,FU-000085,,STR-007,,
EVT-0000297,PACKING_COMPLETED,2026-08-15 23:51:30,ORD-000029,FU-000030,,STR-007,,
EVT-0000185,STORE_ASSIGNED,2026-08-15 23:51:34,ORD-000020,FU-000020,,STR-014,,
EVT-0000946,RIDER_ARRIVED_AT_STORE,2026-08-15 23:52:00,ORD-000092,FU-000090,DEL-000082,STR-007,RID-000040,
EVT-0000885,RIDER_ASSIGNED,2026-08-15 23:53:00,ORD-000087,FU-000085,DEL-000077,STR-007,RID-000006,
EVT-0000881,PICKING_STARTED,2026-08-15 23:53:26,ORD-000087,FU-000085,,STR-007,,
EVT-0000186,PICKING_STARTED,2026-08-15 23:53:27,ORD-000020,FU-000020,,STR-014,,
EVT-0000077,FULFILMENT_CANCELLED,2026-08-15 23:53:36,ORD-000009,FU-000009,,STR-010,,CUSTOMER_REQUEST
EVT-0000233,ORDER_CREATED,2026-08-15 23:54:41,ORD-000025,,,,,
EVT-0000234,PAYMENT_SUCCESS,2026-08-15 23:55:06,ORD-000025,,,,,
EVT-0000235,STORE_ASSIGNED,2026-08-15 23:55:52,ORD-000025,FU-000025,,STR-016,,
EVT-0000950,ORDER_CREATED,2026-08-15 23:56:10,ORD-000093,,,,,
EVT-0000951,PAYMENT_SUCCESS,2026-08-15 23:56:21,ORD-000093,,,,,
EVT-0000882,PICKING_COMPLETED,2026-08-15 23:56:49,ORD-000087,FU-000085,,STR-007,,
EVT-0000942,PICKING_COMPLETED,2026-08-15 23:57:11,ORD-000092,FU-000090,,STR-007,,
EVT-0000516,ORDER_CREATED,2026-08-15 23:57:15,ORD-000054,,,,,
EVT-0000883,PACKING_STARTED,2026-08-15 23:57:30,ORD-000087,FU-000085,,STR-007,,
EVT-0000517,PAYMENT_SUCCESS,2026-08-15 23:57:48,ORD-000054,,,,,
EVT-0000943,PACKING_STARTED,2026-08-15 23:57:56,ORD-000092,FU-000090,,STR-007,,
EVT-0000886,RIDER_ARRIVED_AT_STORE,2026-08-15 23:58:00,ORD-000087,FU-000085,DEL-000077,STR-007,RID-000006,
EVT-0000187,PICKING_COMPLETED,2026-08-15 23:58:05,ORD-000020,FU-000020,,STR-014,,
EVT-0000952,STORE_ASSIGNED,2026-08-15 23:58:07,ORD-000093,FU-000091,,STR-008,,
EVT-0000638,DELIVERED,2026-08-15 23:58:23,ORD-000066,FU-000062,DEL-000056,STR-009,RID-000031,
EVT-0000236,PICKING_STARTED,2026-08-15 23:58:48,ORD-000025,FU-000025,,STR-016,,
EVT-0000188,PACKING_STARTED,2026-08-15 23:58:50,ORD-000020,FU-000020,,STR-014,,
EVT-0000013,ORDER_CREATED,2026-08-15 23:59:10,ORD-000002,,,,,
EVT-0000944,PACKING_COMPLETED,2026-08-15 23:59:25,ORD-000092,FU-000090,,STR-007,,
EVT-0000014,PAYMENT_SUCCESS,2026-08-15 23:59:35,ORD-000002,,,,,
EVT-0000518,STORE_ASSIGNED,2026-08-15 23:59:36,ORD-000054,FU-000051,,STR-019,,
EVT-0000884,PACKING_COMPLETED,2026-08-15 23:59:38,ORD-000087,FU-000085,,STR-007,,
EVT-0000947,PICKED_UP,2026-08-16 00:00:13,ORD-000092,FU-000090,DEL-000082,STR-007,RID-000040,
EVT-0000015,STORE_ASSIGNED,2026-08-16 00:00:16,ORD-000002,FU-000002,,STR-019,,
EVT-0000887,PICKED_UP,2026-08-16 00:00:26,ORD-000087,FU-000085,DEL-000077,STR-007,RID-000006,
EVT-0000953,PICKING_STARTED,2026-08-16 00:00:40,ORD-000093,FU-000091,,STR-008,,
EVT-0000888,DELIVERY_STARTED,2026-08-16 00:00:46,ORD-000087,FU-000085,DEL-000077,STR-007,RID-000006,
EVT-0000240,RIDER_ASSIGNED,2026-08-16 00:01:00,ORD-000025,FU-000025,DEL-000021,STR-016,RID-000022,
EVT-0000948,DELIVERY_STARTED,2026-08-16 00:01:41,ORD-000092,FU-000090,DEL-000082,STR-007,RID-000040,
EVT-0000189,PACKING_COMPLETED,2026-08-16 00:02:16,ORD-000020,FU-000020,,STR-014,,
EVT-0000957,RIDER_ASSIGNED,2026-08-16 00:03:00,ORD-000093,FU-000091,DEL-000083,STR-008,RID-000045,
EVT-0000237,PICKING_COMPLETED,2026-08-16 00:04:05,ORD-000025,FU-000025,,STR-016,,
EVT-0000519,FULFILMENT_CANCELLED,2026-08-16 00:04:36,ORD-000054,FU-000051,,STR-019,,ITEM_UNAVAILABLE
EVT-0000238,PACKING_STARTED,2026-08-16 00:04:43,ORD-000025,FU-000025,,STR-016,,
EVT-0000241,RIDER_ARRIVED_AT_STORE,2026-08-16 00:05:00,ORD-000025,FU-000025,DEL-000021,STR-016,RID-000022,
EVT-0000016,FULFILMENT_FAILED,2026-08-16 00:05:16,ORD-000002,FU-000002,,STR-019,,STORE_OPERATIONAL_FAILURE
EVT-0000958,RIDER_ARRIVED_AT_STORE,2026-08-16 00:06:00,ORD-000093,FU-000091,DEL-000083,STR-008,RID-000045,
EVT-0000239,PACKING_COMPLETED,2026-08-16 00:06:48,ORD-000025,FU-000025,,STR-016,,
EVT-0000242,PICKED_UP,2026-08-16 00:07:07,ORD-000025,FU-000025,DEL-000021,STR-016,RID-000022,
EVT-0000243,DELIVERY_STARTED,2026-08-16 00:08:14,ORD-000025,FU-000025,DEL-000021,STR-016,RID-000022,
EVT-0000954,PICKING_COMPLETED,2026-08-16 00:08:34,ORD-000093,FU-000091,,STR-008,,
EVT-0000955,PACKING_STARTED,2026-08-16 00:09:07,ORD-000093,FU-000091,,STR-008,,
EVT-0000949,DELIVERED,2026-08-16 00:10:33,ORD-000092,FU-000090,DEL-000082,STR-007,RID-000040,
EVT-0000956,PACKING_COMPLETED,2026-08-16 00:12:28,ORD-000093,FU-000091,,STR-008,,
EVT-0000959,PICKED_UP,2026-08-16 00:13:04,ORD-000093,FU-000091,DEL-000083,STR-008,RID-000045,
EVT-0000960,DELIVERY_STARTED,2026-08-16 00:14:13,ORD-000093,FU-000091,DEL-000083,STR-008,RID-000045,
EVT-0000244,DELIVERED,2026-08-16 00:14:47,ORD-000025,FU-000025,DEL-000021,STR-016,RID-000022,
EVT-0000889,DELIVERED,2026-08-16 00:17:37,ORD-000087,FU-000085,DEL-000077,STR-007,RID-000006,
EVT-0000961,DELIVERED,2026-08-16 00:17:43,ORD-000093,FU-000091,DEL-000083,STR-008,RID-000045,
